{
	"credit": "Made with Blockbench",
	"texture_size": [64, 64],
	"textures": {
		"3": "firegame:item/hats/gold"
	},
	"elements": [
		{
			"from": [3, 10, 2],
			"to": [13, 12, 15],
			"rotation": {"angle": 0, "axis": "y", "origin": [11, 22, 8]},
			"faces": {
				"north": {"uv": [9.25, 6.75, 11.75, 7.25], "texture": "#3"},
				"east": {"uv": [9, 2.5, 12.25, 3], "texture": "#3"},
				"south": {"uv": [9.25, 7.25, 11.75, 7.75], "texture": "#3"},
				"west": {"uv": [6, 9, 9.25, 9.5], "texture": "#3"},
				"up": {"uv": [2.5, 6.75, 0, 3.5], "texture": "#3"},
				"down": {"uv": [5, 3.5, 2.5, 6.75], "texture": "#3"}
			}
		},
		{
			"from": [4, 12, 4],
			"to": [12, 15, 13.025],
			"rotation": {"angle": 0, "axis": "y", "origin": [11, 24, 8]},
			"faces": {
				"north": {"uv": [4, 9.25, 6, 10], "texture": "#3"},
				"east": {"uv": [6, 8.25, 8.25, 9], "texture": "#3"},
				"south": {"uv": [9.25, 6, 11.25, 6.75], "texture": "#3"},
				"west": {"uv": [8.25, 8.25, 10.5, 9], "texture": "#3"},
				"up": {"uv": [7, 8.25, 5, 6], "texture": "#3"},
				"down": {"uv": [2, 6.75, 0, 9], "texture": "#3"}
			}
		},
		{
			"from": [6, 12, 3],
			"to": [10, 16, 5],
			"rotation": {"angle": 0, "axis": "y", "origin": [11, 24, 0]},
			"faces": {
				"north": {"uv": [9.25, 9, 10.25, 10], "texture": "#3"},
				"east": {"uv": [8.75, 9.5, 9.25, 10.5], "texture": "#3"},
				"south": {"uv": [6, 9.5, 7, 10.5], "texture": "#3"},
				"west": {"uv": [10, 0, 10.5, 1], "texture": "#3"},
				"up": {"uv": [10.25, 8.25, 9.25, 7.75], "texture": "#3"},
				"down": {"uv": [10.75, 5.5, 9.75, 6], "texture": "#3"}
			}
		},
		{
			"from": [7, 12, 5],
			"to": [9, 16, 13],
			"rotation": {"angle": 0, "axis": "y", "origin": [11, 24, 8]},
			"faces": {
				"north": {"uv": [5.5, 10, 6, 11], "texture": "#3"},
				"east": {"uv": [2, 8, 4, 9], "texture": "#3"},
				"south": {"uv": [9.25, 10, 9.75, 11], "texture": "#3"},
				"west": {"uv": [4, 8.25, 6, 9.25], "texture": "#3"},
				"up": {"uv": [7.5, 11.5, 7, 9.5], "texture": "#3"},
				"down": {"uv": [8, 9.5, 7.5, 11.5], "texture": "#3"}
			}
		},
		{
			"from": [2.75, 9.75, 1.75],
			"to": [13.25, 12.25, 15.25],
			"rotation": {"angle": 0, "axis": "y", "origin": [11, 22, 8]},
			"faces": {
				"north": {"uv": [7.75, 1, 10.5, 1.75], "texture": "#3"},
				"east": {"uv": [5.5, 2.5, 9, 3.25], "texture": "#3"},
				"south": {"uv": [7.75, 1.75, 10.5, 2.5], "texture": "#3"},
				"west": {"uv": [7.25, 3.25, 10.75, 4], "texture": "#3"},
				"up": {"uv": [2.75, 3.5, 0, 0], "texture": "#3"},
				"down": {"uv": [5.5, 0, 2.75, 3.5], "texture": "#3"}
			}
		},
		{
			"from": [3.75, 11.75, 3.75],
			"to": [12.25, 15.25, 13.275],
			"rotation": {"angle": 0, "axis": "y", "origin": [11, 24, 8]},
			"faces": {
				"north": {"uv": [7, 7.25, 9.25, 8.25], "texture": "#3"},
				"east": {"uv": [7.25, 4, 9.75, 5], "texture": "#3"},
				"south": {"uv": [7.75, 0, 10, 1], "texture": "#3"},
				"west": {"uv": [7.25, 5, 9.75, 6], "texture": "#3"},
				"up": {"uv": [7.25, 6, 5, 3.5], "texture": "#3"},
				"down": {"uv": [7.75, 0, 5.5, 2.5], "texture": "#3"}
			}
		},
		{
			"from": [5.75, 11.75, 2.75],
			"to": [10.25, 16.25, 5.25],
			"rotation": {"angle": 0, "axis": "y", "origin": [11, 24, 0]},
			"faces": {
				"north": {"uv": [1.5, 9, 2.75, 10.25], "texture": "#3"},
				"east": {"uv": [4.25, 6.75, 5, 8], "texture": "#3"},
				"south": {"uv": [2.75, 9, 4, 10.25], "texture": "#3"},
				"west": {"uv": [8, 9.5, 8.75, 10.75], "texture": "#3"},
				"up": {"uv": [11, 4.75, 9.75, 4], "texture": "#3"},
				"down": {"uv": [11, 4.75, 9.75, 5.5], "texture": "#3"}
			}
		},
		{
			"from": [6.75, 11.75, 4.75],
			"to": [9.25, 16.25, 13.25],
			"rotation": {"angle": 0, "axis": "y", "origin": [11, 24, 8]},
			"faces": {
				"north": {"uv": [4, 10, 4.75, 11.25], "texture": "#3"},
				"east": {"uv": [2, 6.75, 4.25, 8], "texture": "#3"},
				"south": {"uv": [4.75, 10, 5.5, 11.25], "texture": "#3"},
				"west": {"uv": [7, 6, 9.25, 7.25], "texture": "#3"},
				"up": {"uv": [0.75, 11.25, 0, 9], "texture": "#3"},
				"down": {"uv": [1.5, 9, 0.75, 11.25], "texture": "#3"}
			}
		}
	],
	"display": {
		"gui": {
			"rotation": [-157.64, -27.68, -177.71],
			"translation": [0, -3.5, 0]
		},
		"head": {
			"translation": [0, 1, 0],
			"scale": [1.8, 1.8, 1.8]
		}
	},
	"groups": [
		{
			"name": "group",
			"origin": [11, 22, 8],
			"color": 0,
			"children": [0, 1, 2, 3]
		},
		{
			"name": "group",
			"origin": [11, 22, 8],
			"color": 0,
			"children": [4, 5, 6, 7]
		}
	]
}