{
	"credit": "Made with Blockbench",
	"texture_size": [128, 128],
	"textures": {
		"2": "firegame:item/misc/hydrant"
	},
	"elements": [
		{
			"from": [0, 0, 0],
			"to": [16, 1, 16],
			"faces": {
				"north": {"uv": [6.375, 1.25, 8.375, 1.375], "texture": "#2"},
				"east": {"uv": [7.25, 6.875, 9.25, 7], "texture": "#2"},
				"south": {"uv": [7.25, 7, 9.25, 7.125], "texture": "#2"},
				"west": {"uv": [7.25, 7.125, 9.25, 7.25], "texture": "#2"},
				"up": {"uv": [2, 2, 0, 0], "texture": "#2"},
				"down": {"uv": [2, 2, 0, 4], "texture": "#2"}
			}
		},
		{
			"from": [3, 1, 3],
			"to": [13, 13, 13],
			"shade": false,
			"rotation": {"angle": 0, "axis": "y", "origin": [7, 1, 8]},
			"faces": {
				"north": {"uv": [5, 1.375, 6.25, 2.875], "texture": "#2"},
				"east": {"uv": [5, 2.875, 6.25, 4.375], "texture": "#2"},
				"south": {"uv": [5.5, 4.375, 6.75, 5.875], "texture": "#2"},
				"west": {"uv": [5.5, 4.375, 6.75, 5.875], "texture": "#2"},
				"up": {"uv": [1.25, 6.875, 0, 5.625], "texture": "#2"},
				"down": {"uv": [6.75, 5.875, 5.5, 7.125], "texture": "#2"}
			}
		},
		{
			"from": [2, 13, 2],
			"to": [14, 14, 14],
			"shade": false,
			"rotation": {"angle": 0, "axis": "y", "origin": [7, 13, 8]},
			"faces": {
				"north": {"uv": [7.375, 5, 8.875, 5.125], "texture": "#2"},
				"east": {"uv": [7.375, 5.125, 8.875, 5.25], "texture": "#2"},
				"south": {"uv": [7.375, 5.25, 8.875, 5.375], "texture": "#2"},
				"west": {"uv": [7.375, 5.375, 8.875, 5.5], "texture": "#2"},
				"up": {"uv": [3.5, 4.75, 2, 3.25], "texture": "#2"},
				"down": {"uv": [5, 3.25, 3.5, 4.75], "texture": "#2"}
			}
		},
		{
			"from": [3, 14, 3],
			"to": [13, 18, 13],
			"shade": false,
			"rotation": {"angle": 0, "axis": "y", "origin": [8, 16, 8]},
			"faces": {
				"north": {"uv": [6.25, 3.25, 7.5, 3.75], "texture": "#2"},
				"east": {"uv": [6.25, 3.75, 7.5, 4.25], "texture": "#2"},
				"south": {"uv": [6.375, 0, 7.625, 0.5], "texture": "#2"},
				"west": {"uv": [6.375, 0.5, 7.625, 1], "texture": "#2"},
				"up": {"uv": [2.5, 7.375, 1.25, 6.125], "texture": "#2"},
				"down": {"uv": [3.75, 6.125, 2.5, 7.375], "texture": "#2"}
			}
		},
		{
			"from": [4, 18, 4],
			"to": [12, 22, 12],
			"shade": false,
			"rotation": {"angle": 0, "axis": "y", "origin": [8, 20, 8]},
			"faces": {
				"north": {"uv": [6.25, 3.75, 7.5, 4.25], "texture": "#2"},
				"east": {"uv": [6.375, 0, 7.625, 0.5], "texture": "#2"},
				"south": {"uv": [6.375, 0.5, 7.625, 1], "texture": "#2"},
				"west": {"uv": [6.25, 3.25, 7.5, 3.75], "texture": "#2"},
				"up": {"uv": [2.5, 7.375, 1.25, 6.125], "texture": "#2"},
				"down": {"uv": [3.75, 6.125, 2.5, 7.375], "texture": "#2"}
			}
		},
		{
			"from": [0, 8, 6],
			"to": [3, 12, 10],
			"shade": false,
			"rotation": {"angle": 22.5, "axis": "x", "origin": [1.5, 10, 8]},
			"faces": {
				"north": {"uv": [5.125, 6.125, 5.5, 6.625], "texture": "#2"},
				"east": {"uv": [7.25, 7.25, 7.75, 7.75], "texture": "#2"},
				"south": {"uv": [5.125, 6.625, 5.5, 7.125], "texture": "#2"},
				"west": {"uv": [1, 7.375, 1.5, 7.875], "texture": "#2"},
				"up": {"uv": [2.875, 7.875, 2.5, 7.375], "texture": "#2"},
				"down": {"uv": [3.25, 7.375, 2.875, 7.875], "texture": "#2"}
			}
		},
		{
			"from": [13, 8, 6],
			"to": [16, 12, 10],
			"shade": false,
			"rotation": {"angle": 22.5, "axis": "x", "origin": [14.5, 10, 8]},
			"faces": {
				"north": {"uv": [3.25, 7.375, 3.625, 7.875], "texture": "#2"},
				"east": {"uv": [1.5, 7.375, 2, 7.875], "texture": "#2"},
				"south": {"uv": [4.5, 7.375, 4.875, 7.875], "texture": "#2"},
				"west": {"uv": [2, 7.375, 2.5, 7.875], "texture": "#2"},
				"up": {"uv": [7.75, 6, 7.375, 5.5], "texture": "#2"},
				"down": {"uv": [0.375, 7.5, 0, 8], "texture": "#2"}
			}
		},
		{
			"from": [5, 6, 15],
			"to": [11, 12, 15],
			"shade": false,
			"rotation": {"angle": 45, "axis": "z", "origin": [8, 9, 15]},
			"faces": {
				"north": {"uv": [3.75, 6.75, 4.5, 7.5], "texture": "#2"},
				"east": {"uv": [0, 0, 0, 0.75], "texture": "#2"},
				"south": {"uv": [3.75, 6.75, 4.5, 7.5], "texture": "#2"},
				"west": {"uv": [0, 0, 0, 0.75], "texture": "#2"},
				"up": {"uv": [0.75, 0, 0, 0], "texture": "#2"},
				"down": {"uv": [0.75, 0, 0, 0], "texture": "#2"}
			}
		},
		{
			"from": [5, 6, 2],
			"to": [11, 12, 2],
			"shade": false,
			"rotation": {"angle": 45, "axis": "z", "origin": [8, 9, 2]},
			"faces": {
				"north": {"uv": [3.75, 6.75, 4.5, 7.5], "texture": "#2"},
				"east": {"uv": [0, 0, 0, 0.75], "texture": "#2"},
				"south": {"uv": [3.75, 6.75, 4.5, 7.5], "texture": "#2"},
				"west": {"uv": [0, 0, 0, 0.75], "texture": "#2"},
				"up": {"uv": [0.75, 0, 0, 0], "texture": "#2"},
				"down": {"uv": [0.75, 0, 0, 0], "texture": "#2"}
			}
		},
		{
			"from": [7, 8, 13],
			"to": [9, 10, 15],
			"shade": false,
			"rotation": {"angle": 0, "axis": "y", "origin": [7, 8, 13]},
			"faces": {
				"north": {"uv": [5, 4.375, 5.25, 4.625], "texture": "#2"},
				"east": {"uv": [5.25, 4.375, 5.5, 4.625], "texture": "#2"},
				"south": {"uv": [1, 6.875, 1.25, 7.125], "texture": "#2"},
				"west": {"uv": [1, 7.125, 1.25, 7.375], "texture": "#2"},
				"up": {"uv": [5.125, 7.625, 4.875, 7.375], "texture": "#2"},
				"down": {"uv": [7.625, 6, 7.375, 6.25], "texture": "#2"}
			}
		},
		{
			"from": [7, 8, 1],
			"to": [9, 10, 3],
			"shade": false,
			"rotation": {"angle": 0, "axis": "y", "origin": [7, 8, 1]},
			"faces": {
				"north": {"uv": [0.375, 7.5, 0.625, 7.75], "texture": "#2"},
				"east": {"uv": [5.25, 4.375, 5.5, 4.625], "texture": "#2"},
				"south": {"uv": [1, 6.875, 1.25, 7.125], "texture": "#2"},
				"west": {"uv": [1, 7.125, 1.25, 7.375], "texture": "#2"},
				"up": {"uv": [5.125, 7.625, 4.875, 7.375], "texture": "#2"},
				"down": {"uv": [7.625, 6, 7.375, 6.25], "texture": "#2"}
			}
		},
		{
			"name": "cube_outline",
			"from": [13.4, 13.4, 13.4],
			"to": [2.6, 0.6, 2.6],
			"rotation": {"angle": 0, "axis": "y", "origin": [7, 1, 8]},
			"faces": {
				"north": {"uv": [3.625, 0, 5, 1.625], "texture": "#2"},
				"east": {"uv": [3.625, 0, 5, 1.625], "texture": "#2"},
				"south": {"uv": [3.625, 1.625, 5, 3.25], "texture": "#2"},
				"west": {"uv": [0, 4, 1.375, 5.625], "texture": "#2"},
				"up": {"uv": [2.75, 6.125, 1.375, 4.75], "texture": "#2"},
				"down": {"uv": [4.125, 4.75, 2.75, 6.125], "texture": "#2"}
			}
		},
		{
			"name": "cube_outline",
			"from": [14.4, 14.4, 14.4],
			"to": [1.6, 12.6, 1.6],
			"rotation": {"angle": 0, "axis": "y", "origin": [7, 13, 8]},
			"faces": {
				"north": {"uv": [6.375, 1, 8, 1.25], "texture": "#2"},
				"east": {"uv": [6.75, 4.25, 8.375, 4.5], "texture": "#2"},
				"south": {"uv": [6.75, 4.5, 8.375, 4.75], "texture": "#2"},
				"west": {"uv": [6.75, 4.75, 8.375, 5], "texture": "#2"},
				"up": {"uv": [3.625, 1.625, 2, 0], "texture": "#2"},
				"down": {"uv": [3.625, 1.625, 2, 3.25], "texture": "#2"}
			}
		},
		{
			"name": "cube_outline",
			"from": [13.4, 18.4, 13.4],
			"to": [2.6, 13.6, 2.6],
			"rotation": {"angle": 0, "axis": "y", "origin": [8, 16, 8]},
			"faces": {
				"north": {"uv": [3.75, 6.125, 5.125, 6.75], "texture": "#2"},
				"east": {"uv": [6.25, 1.375, 7.625, 2], "texture": "#2"},
				"south": {"uv": [6.25, 2, 7.625, 2.625], "texture": "#2"},
				"west": {"uv": [6.25, 2.625, 7.625, 3.25], "texture": "#2"},
				"up": {"uv": [5.5, 6.125, 4.125, 4.75], "texture": "#2"},
				"down": {"uv": [6.375, 0, 5, 1.375], "texture": "#2"}
			}
		},
		{
			"name": "cube_outline",
			"from": [3.4, 12.4, 10.4],
			"to": [-0.4, 7.6, 5.6],
			"rotation": {"angle": 22.5, "axis": "x", "origin": [1.5, 10, 8]},
			"faces": {
				"north": {"uv": [6.75, 6.25, 7.25, 6.875], "texture": "#2"},
				"east": {"uv": [1.375, 4, 2, 4.625], "texture": "#2"},
				"south": {"uv": [0, 6.875, 0.5, 7.5], "texture": "#2"},
				"west": {"uv": [4.5, 6.75, 5.125, 7.375], "texture": "#2"},
				"up": {"uv": [1, 7.5, 0.5, 6.875], "texture": "#2"},
				"down": {"uv": [7.25, 6.875, 6.75, 7.5], "texture": "#2"}
			}
		},
		{
			"name": "cube_outline",
			"from": [16.4, 12.4, 10.4],
			"to": [12.6, 7.6, 5.6],
			"rotation": {"angle": 22.5, "axis": "x", "origin": [14.5, 10, 8]},
			"faces": {
				"north": {"uv": [5.125, 7.125, 5.625, 7.75], "texture": "#2"},
				"east": {"uv": [6.75, 5, 7.375, 5.625], "texture": "#2"},
				"south": {"uv": [5.625, 7.125, 6.125, 7.75], "texture": "#2"},
				"west": {"uv": [6.75, 5.625, 7.375, 6.25], "texture": "#2"},
				"up": {"uv": [6.625, 7.75, 6.125, 7.125], "texture": "#2"},
				"down": {"uv": [7.75, 6.25, 7.25, 6.875], "texture": "#2"}
			}
		},
		{
			"name": "cube_outline",
			"from": [12.4, 22.4, 12.4],
			"to": [3.6, 17.6, 3.6],
			"rotation": {"angle": 0, "axis": "y", "origin": [8, 20, 8]},
			"faces": {
				"north": {"uv": [6.25, 1.375, 7.625, 2], "texture": "#2"},
				"east": {"uv": [6.25, 2, 7.625, 2.625], "texture": "#2"},
				"south": {"uv": [6.25, 2.625, 7.625, 3.25], "texture": "#2"},
				"west": {"uv": [3.75, 6.125, 5.125, 6.75], "texture": "#2"},
				"up": {"uv": [5.5, 6.125, 4.125, 4.75], "texture": "#2"},
				"down": {"uv": [6.375, 0, 5, 1.375], "texture": "#2"}
			}
		},
		{
			"name": "cube_outline",
			"from": [16.2, 1.2, 16.2],
			"to": [-0.2, -0.2, -0.2],
			"faces": {
				"north": {"uv": [7.25, 7, 9.25, 7.125], "texture": "#2"},
				"east": {"uv": [7.25, 7.125, 9.25, 7.25], "texture": "#2"},
				"south": {"uv": [6.375, 1.25, 8.375, 1.375], "texture": "#2"},
				"west": {"uv": [7.25, 6.875, 9.25, 7], "texture": "#2"},
				"up": {"uv": [2, 4, 0, 2], "texture": "#2"},
				"down": {"uv": [2, 0, 0, 2], "texture": "#2"}
			}
		}
	],
	"display": {
		"head": {
			"translation": [0, 3, -33]
		}
	},
	"groups": [
		{
			"name": "base",
			"origin": [0, 0, 0],
			"color": 0,
			"children": [0]
		},
		{
			"name": "hydrant",
			"origin": [9, 2, 8],
			"color": 0,
			"children": [1, 2, 3, 4, 5, 6, 7, 8, 9, 10]
		},
		{
			"name": "outline",
			"origin": [8, 8, 8],
			"color": 0,
			"children": [11, 12, 13, 14, 15, 16, 17]
		}
	]
}