{
	"credit": "Made with Blockbench",
	"texture_size": [64, 64],
	"textures": {
		"1": "firegame:item/misc/face",
		"2": "firegame:item/misc/pet_outline",
		"particle": "firegame:item/misc/face"
	},
	"elements": [
		{
			"from": [1, 1, 1],
			"to": [15, 15, 15],
			"rotation": {"angle": 0, "axis": "y", "origin": [8, 7, 8]},
			"faces": {
				"north": {"uv": [0, 0, 16, 16], "texture": "#1"},
				"east": {"uv": [0, 0, 16, 16], "texture": "#1"},
				"south": {"uv": [0, 0, 16, 16], "texture": "#1"},
				"west": {"uv": [0, 0, 16, 16], "texture": "#1"},
				"up": {"uv": [0, 0, 16, 16], "texture": "#1"},
				"down": {"uv": [0, 0, 16, 16], "texture": "#1"}
			}
		},
		{
			"from": [16, 16, 16],
			"to": [0, 0, 0],
			"rotation": {"angle": 0, "axis": "y", "origin": [17, 16, 17]},
			"faces": {
				"north": {"uv": [4, 8, 0, 4], "texture": "#2"},
				"east": {"uv": [4, 8, 0, 4], "texture": "#2"},
				"south": {"uv": [4, 8, 0, 4], "texture": "#2"},
				"west": {"uv": [4, 8, 0, 4], "texture": "#2"},
				"up": {"uv": [4, 8, 0, 4], "texture": "#2"},
				"down": {"uv": [4, 8, 0, 4], "texture": "#2"}
			}
		}
	],
	"gui_light": "front"
}