{
	"credit": "Made with Blockbench",
	"textures": {
		"0": "firegame:item/misc/water_texture",
		"1": "firegame:item/misc/water_outline",
		"particle": "firegame:item/misc/water_outline"
	},
	"elements": [
		{
			"from": [1, 1, 1],
			"to": [15, 15, 15],
			"rotation": {"angle": 0, "axis": "y", "origin": [8, 7, 8]},
			"faces": {
				"north": {"uv": [0, 0, 4, 4], "texture": "#0"},
				"east": {"uv": [0, 0, 4, 4], "texture": "#0"},
				"south": {"uv": [0, 0, 4, 4], "texture": "#0"},
				"west": {"uv": [0, 0, 4, 4], "texture": "#0"},
				"up": {"uv": [0, 0, 4, 4], "texture": "#0"},
				"down": {"uv": [0, 0, 4, 4], "texture": "#0"}
			}
		},
		{
			"from": [16, 16, 16],
			"to": [0, 0, 0],
			"rotation": {"angle": 0, "axis": "y", "origin": [38, 22, 23]},
			"faces": {
				"north": {"uv": [0, 0, 10, 11], "texture": "#1"},
				"east": {"uv": [0, 0, 10, 11], "texture": "#1"},
				"south": {"uv": [0, 0, 10, 11], "texture": "#1"},
				"west": {"uv": [0, 0, 10, 11], "texture": "#1"},
				"up": {"uv": [0, 0, 10, 11], "texture": "#1"},
				"down": {"uv": [0, 0, 10, 11], "texture": "#1"}
			}
		}
	]
}