{
	"credit": "Made with Blockbench",
	"texture_size": [128, 128],
	"textures": {
		"2": "firegame:item/hoses/fludd/fludd_jetpack"
	},
	"elements": [
		{
			"name": "pipe_outline",
			"from": [8.82, 2.72, 18.92],
			"to": [6.78, -7.82, 16.88],
			"rotation": {"angle": 0, "axis": "y", "origin": [7.8, 3.825, 13.225]},
			"faces": {
				"north": {"uv": [5, 9.625, 5.28125, 11.15625], "texture": "#2"},
				"east": {"uv": [8.5, 9.625, 8.78125, 11.15625], "texture": "#2"},
				"south": {"uv": [8.875, 9.625, 9.15625, 11.15625], "texture": "#2"},
				"west": {"uv": [9.25, 9.625, 9.53125, 11.15625], "texture": "#2"},
				"up": {"uv": [9.15625, 7.03125, 8.875, 6.75], "texture": "#2"},
				"down": {"uv": [8.40625, 10, 8.125, 10.28125], "texture": "#2"}
			}
		},
		{
			"name": "pipe_outline",
			"from": [9.67, 6.12, 19.77],
			"to": [5.93, 2.38, 16.03],
			"rotation": {"angle": 0, "axis": "y", "origin": [7.8, -6.375, 13.225]},
			"faces": {
				"north": {"uv": [9.625, 11.125, 10.15625, 11.65625], "texture": "#2"},
				"east": {"uv": [11.25, 7.5, 11.78125, 8.03125], "texture": "#2"},
				"south": {"uv": [11.25, 8.125, 11.78125, 8.65625], "texture": "#2"},
				"west": {"uv": [8.375, 11.25, 8.90625, 11.78125], "texture": "#2"},
				"up": {"uv": [9.53125, 11.78125, 9, 11.25], "texture": "#2"},
				"down": {"uv": [11.78125, 10.875, 11.25, 11.40625], "texture": "#2"}
			}
		},
		{
			"name": "pipe_outline",
			"from": [8.82, 12.07, 18.92],
			"to": [6.78, 9.18, 16.88],
			"rotation": {"angle": 0, "axis": "y", "origin": [7.8, 0.425, 13.225]},
			"faces": {
				"north": {"uv": [10.25, 0.25, 10.78125, 0.90625], "texture": "#2"},
				"east": {"uv": [10.25, 1, 10.78125, 1.65625], "texture": "#2"},
				"south": {"uv": [5.375, 10.375, 5.90625, 11.03125], "texture": "#2"},
				"west": {"uv": [6, 10.375, 6.53125, 11.03125], "texture": "#2"},
				"up": {"uv": [11.90625, 1.78125, 11.375, 1.25], "texture": "#2"},
				"down": {"uv": [2.03125, 11.375, 1.5, 11.90625], "texture": "#2"}
			}
		},
		{
			"name": "pipe_outline",
			"from": [9.67, 16.32, 19.77],
			"to": [5.93, 11.73, 16.03],
			"rotation": {"angle": 0, "axis": "y", "origin": [7.8, 3.825, 13.225]},
			"faces": {
				"north": {"uv": [6.625, 10.375, 7.15625, 11.03125], "texture": "#2"},
				"east": {"uv": [7.25, 10.375, 7.78125, 11.03125], "texture": "#2"},
				"south": {"uv": [7.875, 10.375, 8.40625, 11.03125], "texture": "#2"},
				"west": {"uv": [9.625, 10.375, 10.15625, 11.03125], "texture": "#2"},
				"up": {"uv": [2.65625, 11.90625, 2.125, 11.375], "texture": "#2"},
				"down": {"uv": [3.28125, 11.375, 2.75, 11.90625], "texture": "#2"}
			}
		},
		{
			"name": "pipe_outline",
			"from": [11.37, 22.27, 21.47],
			"to": [4.23, 15.98, 14.33],
			"rotation": {"angle": 0, "axis": "y", "origin": [6.95, 8.075, 14.925]},
			"faces": {
				"north": {"uv": [6.875, 2.5, 7.90625, 3.40625], "texture": "#2"},
				"east": {"uv": [6.875, 3.5, 7.90625, 4.40625], "texture": "#2"},
				"south": {"uv": [7, 0, 8.03125, 0.90625], "texture": "#2"},
				"west": {"uv": [6.25, 7.375, 7.28125, 8.28125], "texture": "#2"},
				"up": {"uv": [1.03125, 7.78125, 0, 6.75], "texture": "#2"},
				"down": {"uv": [2.15625, 6.875, 1.125, 7.90625], "texture": "#2"}
			}
		},
		{
			"name": "pipe_outline",
			"from": [11.37, 22.27, 9.57],
			"to": [4.23, 15.98, 7.53],
			"rotation": {"angle": 0, "axis": "y", "origin": [6.95, 8.075, 8.125]},
			"faces": {
				"north": {"uv": [7.375, 7.375, 8.40625, 8.28125], "texture": "#2"},
				"east": {"uv": [1.125, 11.5, 1.40625, 12.40625], "texture": "#2"},
				"south": {"uv": [0, 7.875, 1.03125, 8.78125], "texture": "#2"},
				"west": {"uv": [8, 11.5, 8.28125, 12.40625], "texture": "#2"},
				"up": {"uv": [6.28125, 4.90625, 5.25, 4.625], "texture": "#2"},
				"down": {"uv": [12.03125, 6.125, 11, 6.40625], "texture": "#2"}
			}
		},
		{
			"name": "pipe_outline",
			"from": [8.82, 19.72, 15.52],
			"to": [6.78, 18.53, 11.78],
			"rotation": {"angle": 0, "axis": "y", "origin": [6.95, 8.075, 8.975]},
			"faces": {
				"north": {"uv": [7.5, 13, 7.78125, 13.15625], "texture": "#2"},
				"east": {"uv": [12.875, 4.625, 13.40625, 4.78125], "texture": "#2"},
				"south": {"uv": [7.875, 13, 8.15625, 13.15625], "texture": "#2"},
				"west": {"uv": [12.875, 5.375, 13.40625, 5.53125], "texture": "#2"},
				"up": {"uv": [1.40625, 13.03125, 1.125, 12.5], "texture": "#2"},
				"down": {"uv": [9.53125, 12.75, 9.25, 13.28125], "texture": "#2"}
			}
		},
		{
			"name": "cube_outline",
			"from": [13.07, -0.68, 23.17],
			"to": [2.53, -10.37, 12.63],
			"rotation": {"angle": 0, "axis": "y", "origin": [7.8, -5.525, 17.9]},
			"faces": {
				"north": {"uv": [5.25, 1.625, 6.78125, 3.03125], "texture": "#2"},
				"east": {"uv": [5.25, 3.125, 6.78125, 4.53125], "texture": "#2"},
				"south": {"uv": [5.375, 0, 6.90625, 1.40625], "texture": "#2"},
				"west": {"uv": [1.625, 5.375, 3.15625, 6.78125], "texture": "#2"},
				"up": {"uv": [3.28125, 5.28125, 1.75, 3.75], "texture": "#2"},
				"down": {"uv": [1.53125, 5.125, 0, 6.65625], "texture": "#2"}
			}
		},
		{
			"name": "cube_outline",
			"from": [13.92, 0.17, 23.595],
			"to": [1.68, -11.22, 23.255],
			"rotation": {"angle": 0, "axis": "y", "origin": [7.8, -5.525, 28.1]},
			"faces": {
				"north": {"uv": [0, 0, 1.78125, 1.65625], "texture": "#2"},
				"east": {"uv": [1, 13, 1.03125, 14.65625], "texture": "#2"},
				"south": {"uv": [0, 1.75, 1.78125, 3.40625], "texture": "#2"},
				"west": {"uv": [1, 13, 1.03125, 14.65625], "texture": "#2"},
				"up": {"uv": [14.78125, 11.53125, 13, 11.5], "texture": "#2"},
				"down": {"uv": [14.78125, 11.625, 13, 11.65625], "texture": "#2"}
			}
		},
		{
			"name": "cube_outline",
			"from": [13.495, 0.17, 24.02],
			"to": [13.155, -11.22, 11.78],
			"rotation": {"angle": 0, "axis": "y", "origin": [18, -5.525, 17.9]},
			"faces": {
				"north": {"uv": [1, 13, 1.03125, 14.65625], "texture": "#2"},
				"east": {"uv": [0, 1.75, 1.78125, 3.40625], "texture": "#2"},
				"south": {"uv": [1, 13, 1.03125, 14.65625], "texture": "#2"},
				"west": {"uv": [0, 0, 1.78125, 1.65625], "texture": "#2"},
				"up": {"uv": [14.78125, 11.53125, 13, 11.5], "texture": "#2"},
				"down": {"uv": [14.78125, 11.625, 13, 11.65625], "texture": "#2"}
			}
		},
		{
			"name": "cube_outline",
			"from": [2.445, 0.17, 24.02],
			"to": [2.105, -11.22, 11.78],
			"rotation": {"angle": 0, "axis": "y", "origin": [-2.4, -5.525, 17.9]},
			"faces": {
				"north": {"uv": [1, 13, 1.03125, 14.65625], "texture": "#2"},
				"east": {"uv": [0, 0, 1.78125, 1.65625], "texture": "#2"},
				"south": {"uv": [1, 13, 1.03125, 14.65625], "texture": "#2"},
				"west": {"uv": [0, 1.75, 1.78125, 3.40625], "texture": "#2"},
				"up": {"uv": [14.78125, 11.53125, 13, 11.5], "texture": "#2"},
				"down": {"uv": [14.78125, 11.625, 13, 11.65625], "texture": "#2"}
			}
		},
		{
			"name": "cube_outline",
			"from": [13.495, -10.88, 24.02],
			"to": [2.105, -11.22, 11.78],
			"rotation": {"angle": 0, "axis": "y", "origin": [7.8, -15.725, 17.9]},
			"faces": {
				"north": {"uv": [1, 13, 1.03125, 14.65625], "texture": "#2"},
				"east": {"uv": [13, 11.75, 14.78125, 11.78125], "texture": "#2"},
				"south": {"uv": [1, 13, 1.03125, 14.65625], "texture": "#2"},
				"west": {"uv": [13, 11.75, 14.78125, 11.78125], "texture": "#2"},
				"up": {"uv": [3.53125, 1.78125, 1.875, 0], "texture": "#2"},
				"down": {"uv": [3.53125, 1.875, 1.875, 3.65625], "texture": "#2"}
			}
		},
		{
			"name": "cube_outline",
			"from": [13.92, 0.17, 11.695],
			"to": [1.68, -11.22, 11.355],
			"rotation": {"angle": 0, "axis": "y", "origin": [7.8, -5.525, 6.85]},
			"faces": {
				"north": {"uv": [0, 1.75, 1.78125, 3.40625], "texture": "#2"},
				"east": {"uv": [1, 13, 1.03125, 14.65625], "texture": "#2"},
				"south": {"uv": [0, 0, 1.78125, 1.65625], "texture": "#2"},
				"west": {"uv": [1, 13, 1.03125, 14.65625], "texture": "#2"},
				"up": {"uv": [14.78125, 11.53125, 13, 11.5], "texture": "#2"},
				"down": {"uv": [14.78125, 11.625, 13, 11.65625], "texture": "#2"}
			}
		},
		{
			"name": "cube_outline",
			"from": [8.82, -0.155, 14.67],
			"to": [6.78, -2.195, 12.63],
			"rotation": {"angle": 0, "axis": "y", "origin": [7.8, 0.95, 13.225]},
			"faces": {
				"north": {"uv": [11.375, 7.125, 11.65625, 7.40625], "texture": "#2"},
				"east": {"uv": [11.5, 10.5, 11.78125, 10.78125], "texture": "#2"},
				"south": {"uv": [12.875, 5.625, 13.15625, 5.90625], "texture": "#2"},
				"west": {"uv": [6, 12.875, 6.28125, 13.15625], "texture": "#2"},
				"up": {"uv": [6.65625, 13.15625, 6.375, 12.875], "texture": "#2"},
				"down": {"uv": [13.15625, 6.75, 12.875, 7.03125], "texture": "#2"}
			}
		},
		{
			"name": "cube_outline",
			"from": [13.92, -8.655, 11.27],
			"to": [1.68, -10.695, 10.93],
			"rotation": {"angle": 0, "axis": "y", "origin": [7.8, 2.65, 13.225]},
			"faces": {
				"north": {"uv": [9, 3.25, 10.78125, 3.53125], "texture": "#2"},
				"east": {"uv": [7.75, 1, 7.78125, 1.28125], "texture": "#2"},
				"south": {"uv": [9.375, 7.5, 11.15625, 7.78125], "texture": "#2"},
				"west": {"uv": [7.75, 1, 7.78125, 1.28125], "texture": "#2"},
				"up": {"uv": [14.78125, 11.53125, 13, 11.5], "texture": "#2"},
				"down": {"uv": [14.78125, 11.625, 13, 11.65625], "texture": "#2"}
			}
		},
		{
			"name": "cube_outline",
			"from": [8.82, -0.155, 12.97],
			"to": [6.78, -8.995, 10.93],
			"rotation": {"angle": 0, "axis": "y", "origin": [7.8, 2.65, 13.225]},
			"faces": {
				"north": {"uv": [2.5, 10, 2.78125, 11.28125], "texture": "#2"},
				"east": {"uv": [2.875, 10, 3.15625, 11.28125], "texture": "#2"},
				"south": {"uv": [3.25, 10, 3.53125, 11.28125], "texture": "#2"},
				"west": {"uv": [3.625, 10, 3.90625, 11.28125], "texture": "#2"},
				"up": {"uv": [13.15625, 8.90625, 12.875, 8.625], "texture": "#2"},
				"down": {"uv": [13.15625, 9, 12.875, 9.28125], "texture": "#2"}
			}
		},
		{
			"name": "cube_outline",
			"from": [13.92, -8.655, 4.47],
			"to": [1.68, -10.695, 4.13],
			"rotation": {"angle": 0, "axis": "y", "origin": [7.8, 2.65, 13.225]},
			"faces": {
				"north": {"uv": [9.375, 7.875, 11.15625, 8.15625], "texture": "#2"},
				"east": {"uv": [7.75, 1, 7.78125, 1.28125], "texture": "#2"},
				"south": {"uv": [9.375, 8.25, 11.15625, 8.53125], "texture": "#2"},
				"west": {"uv": [7.75, 1, 7.78125, 1.28125], "texture": "#2"},
				"up": {"uv": [14.78125, 11.53125, 13, 11.5], "texture": "#2"},
				"down": {"uv": [14.78125, 11.625, 13, 11.65625], "texture": "#2"}
			}
		},
		{
			"name": "cube_outline",
			"from": [2.02, -8.655, 11.27],
			"to": [1.68, -10.695, 4.13],
			"rotation": {"angle": 0, "axis": "y", "origin": [7.8, 2.65, 13.225]},
			"faces": {
				"north": {"uv": [7.75, 1, 7.78125, 1.28125], "texture": "#2"},
				"east": {"uv": [6.125, 11.125, 7.15625, 11.40625], "texture": "#2"},
				"south": {"uv": [7.75, 1, 7.78125, 1.28125], "texture": "#2"},
				"west": {"uv": [7.25, 11.125, 8.28125, 11.40625], "texture": "#2"},
				"up": {"uv": [3.28125, 6.40625, 3.25, 5.375], "texture": "#2"},
				"down": {"uv": [5.65625, 13, 5.625, 14.03125], "texture": "#2"}
			}
		},
		{
			"name": "cube_outline",
			"from": [13.92, -8.655, 11.27],
			"to": [13.58, -10.695, 4.13],
			"rotation": {"angle": 0, "axis": "y", "origin": [7.8, 2.65, 13.225]},
			"faces": {
				"north": {"uv": [7.75, 1, 7.78125, 1.28125], "texture": "#2"},
				"east": {"uv": [11.25, 3.625, 12.28125, 3.90625], "texture": "#2"},
				"south": {"uv": [7.75, 1, 7.78125, 1.28125], "texture": "#2"},
				"west": {"uv": [11.25, 4, 12.28125, 4.28125], "texture": "#2"},
				"up": {"uv": [3.28125, 6.40625, 3.25, 5.375], "texture": "#2"},
				"down": {"uv": [5.65625, 13, 5.625, 14.03125], "texture": "#2"}
			}
		},
		{
			"name": "cube_outline",
			"from": [11.31022, 7.27052, 20.62],
			"to": [9.27022, 6.93052, 15.18],
			"rotation": {"angle": -22.5, "axis": "z", "origin": [10.4147, 6.8, 18.325]},
			"faces": {
				"north": {"uv": [9, 0.75, 9.28125, 0.78125], "texture": "#2"},
				"east": {"uv": [13, 11.875, 13.78125, 11.90625], "texture": "#2"},
				"south": {"uv": [9, 0.75, 9.28125, 0.78125], "texture": "#2"},
				"west": {"uv": [13, 11.875, 13.78125, 11.90625], "texture": "#2"},
				"up": {"uv": [4.78125, 12.78125, 4.5, 12], "texture": "#2"},
				"down": {"uv": [5.15625, 12, 4.875, 12.78125], "texture": "#2"}
			}
		},
		{
			"name": "cube_outline",
			"from": [5.60918, 6.66948, 20.62],
			"to": [3.56918, 6.32948, 15.18],
			"rotation": {"angle": -22.5, "axis": "z", "origin": [4.4647, 6.8, 18.325]},
			"faces": {
				"north": {"uv": [9, 0.75, 9.28125, 0.78125], "texture": "#2"},
				"east": {"uv": [13, 11.875, 13.78125, 11.90625], "texture": "#2"},
				"south": {"uv": [9, 0.75, 9.28125, 0.78125], "texture": "#2"},
				"west": {"uv": [13, 11.875, 13.78125, 11.90625], "texture": "#2"},
				"up": {"uv": [10.40625, 12.78125, 10.125, 12], "texture": "#2"},
				"down": {"uv": [10.78125, 12, 10.5, 12.78125], "texture": "#2"}
			}
		},
		{
			"name": "cube_outline",
			"from": [5.60918, 7.27052, 20.62],
			"to": [3.56918, 6.93052, 15.18],
			"rotation": {"angle": 22.5, "axis": "z", "origin": [4.4647, 6.8, 18.325]},
			"faces": {
				"north": {"uv": [9, 0.75, 9.28125, 0.78125], "texture": "#2"},
				"east": {"uv": [13, 11.875, 13.78125, 11.90625], "texture": "#2"},
				"south": {"uv": [9, 0.75, 9.28125, 0.78125], "texture": "#2"},
				"west": {"uv": [13, 11.875, 13.78125, 11.90625], "texture": "#2"},
				"up": {"uv": [11.15625, 12.78125, 10.875, 12], "texture": "#2"},
				"down": {"uv": [11.53125, 12, 11.25, 12.78125], "texture": "#2"}
			}
		},
		{
			"name": "pipe_outline",
			"from": [10.52, 7.82, 20.62],
			"to": [5.08, 5.78, 15.18],
			"rotation": {"angle": 0, "axis": "y", "origin": [7.8, -2.975, 13.225]},
			"faces": {
				"north": {"uv": [12, 4.625, 12.78125, 4.90625], "texture": "#2"},
				"east": {"uv": [12, 5.625, 12.78125, 5.90625], "texture": "#2"},
				"south": {"uv": [12, 8.625, 12.78125, 8.90625], "texture": "#2"},
				"west": {"uv": [12, 9, 12.78125, 9.28125], "texture": "#2"},
				"up": {"uv": [9.28125, 8.78125, 8.5, 8], "texture": "#2"},
				"down": {"uv": [0.78125, 8.875, 0, 9.65625], "texture": "#2"}
			}
		},
		{
			"name": "cube_outline",
			"from": [9.67, 7.27056, 21.7675],
			"to": [5.08, 6.93056, 19.7275],
			"rotation": {"angle": 22.5, "axis": "x", "origin": [7.375, 6.9974, 20.875]},
			"faces": {
				"north": {"uv": [8.125, 0.875, 8.78125, 0.90625], "texture": "#2"},
				"east": {"uv": [9, 0.75, 9.28125, 0.78125], "texture": "#2"},
				"south": {"uv": [8.125, 0.875, 8.78125, 0.90625], "texture": "#2"},
				"west": {"uv": [9, 0.75, 9.28125, 0.78125], "texture": "#2"},
				"up": {"uv": [13.03125, 2.28125, 12.375, 2], "texture": "#2"},
				"down": {"uv": [9.03125, 12.375, 8.375, 12.65625], "texture": "#2"}
			}
		},
		{
			"name": "cube_outline",
			"from": [9.67, 6.66944, 21.9375],
			"to": [5.08, 6.32944, 19.8975],
			"rotation": {"angle": -22.5, "axis": "x", "origin": [7.375, 6.1474, 20.875]},
			"faces": {
				"north": {"uv": [8.125, 0.875, 8.78125, 0.90625], "texture": "#2"},
				"east": {"uv": [9, 0.75, 9.28125, 0.78125], "texture": "#2"},
				"south": {"uv": [8.125, 0.875, 8.78125, 0.90625], "texture": "#2"},
				"west": {"uv": [9, 0.75, 9.28125, 0.78125], "texture": "#2"},
				"up": {"uv": [13.03125, 10.65625, 12.375, 10.375], "texture": "#2"},
				"down": {"uv": [13.03125, 10.75, 12.375, 11.03125], "texture": "#2"}
			}
		},
		{
			"name": "cube_outline",
			"from": [9.67, 6.66944, 16.03],
			"to": [5.08, 6.32944, 13.99],
			"rotation": {"angle": 22.5, "axis": "x", "origin": [7.375, 6.8, 14.925]},
			"faces": {
				"north": {"uv": [8.125, 0.875, 8.78125, 0.90625], "texture": "#2"},
				"east": {"uv": [9, 0.75, 9.28125, 0.78125], "texture": "#2"},
				"south": {"uv": [8.125, 0.875, 8.78125, 0.90625], "texture": "#2"},
				"west": {"uv": [9, 0.75, 9.28125, 0.78125], "texture": "#2"},
				"up": {"uv": [13.03125, 11.40625, 12.375, 11.125], "texture": "#2"},
				"down": {"uv": [13.03125, 12, 12.375, 12.28125], "texture": "#2"}
			}
		},
		{
			"name": "cube_outline",
			"from": [9.67, 7.27056, 16.03],
			"to": [5.08, 6.93056, 13.99],
			"rotation": {"angle": -22.5, "axis": "x", "origin": [7.375, 6.8, 14.925]},
			"faces": {
				"north": {"uv": [8.125, 0.875, 8.78125, 0.90625], "texture": "#2"},
				"east": {"uv": [9, 0.75, 9.28125, 0.78125], "texture": "#2"},
				"south": {"uv": [8.125, 0.875, 8.78125, 0.90625], "texture": "#2"},
				"west": {"uv": [9, 0.75, 9.28125, 0.78125], "texture": "#2"},
				"up": {"uv": [13.03125, 12.65625, 12.375, 12.375], "texture": "#2"},
				"down": {"uv": [13.15625, 0.25, 12.5, 0.53125], "texture": "#2"}
			}
		},
		{
			"name": "cube_outline",
			"from": [11.31022, 6.66948, 20.62],
			"to": [9.27022, 6.32948, 15.18],
			"rotation": {"angle": 22.5, "axis": "z", "origin": [10.4147, 6.8, 18.325]},
			"faces": {
				"north": {"uv": [9, 0.75, 9.28125, 0.78125], "texture": "#2"},
				"east": {"uv": [13, 11.875, 13.78125, 11.90625], "texture": "#2"},
				"south": {"uv": [9, 0.75, 9.28125, 0.78125], "texture": "#2"},
				"west": {"uv": [13, 11.875, 13.78125, 11.90625], "texture": "#2"},
				"up": {"uv": [11.90625, 12.78125, 11.625, 12], "texture": "#2"},
				"down": {"uv": [12.28125, 12, 12, 12.78125], "texture": "#2"}
			}
		},
		{
			"name": "cube_outline",
			"from": [11.31022, 8.97052, 20.62],
			"to": [9.27022, 8.63052, 15.18],
			"rotation": {"angle": -22.5, "axis": "z", "origin": [10.4147, 8.5, 18.325]},
			"faces": {
				"north": {"uv": [9, 0.75, 9.28125, 0.78125], "texture": "#2"},
				"east": {"uv": [13, 11.875, 13.78125, 11.90625], "texture": "#2"},
				"south": {"uv": [9, 0.75, 9.28125, 0.78125], "texture": "#2"},
				"west": {"uv": [13, 11.875, 13.78125, 11.90625], "texture": "#2"},
				"up": {"uv": [0.28125, 12.90625, 0, 12.125], "texture": "#2"},
				"down": {"uv": [12.40625, 0.25, 12.125, 1.03125], "texture": "#2"}
			}
		},
		{
			"name": "cube_outline",
			"from": [5.60918, 8.36948, 20.62],
			"to": [3.56918, 8.02948, 15.18],
			"rotation": {"angle": -22.5, "axis": "z", "origin": [4.4647, 8.5, 18.325]},
			"faces": {
				"north": {"uv": [9, 0.75, 9.28125, 0.78125], "texture": "#2"},
				"east": {"uv": [13, 11.875, 13.78125, 11.90625], "texture": "#2"},
				"south": {"uv": [9, 0.75, 9.28125, 0.78125], "texture": "#2"},
				"west": {"uv": [13, 11.875, 13.78125, 11.90625], "texture": "#2"},
				"up": {"uv": [0.65625, 12.90625, 0.375, 12.125], "texture": "#2"},
				"down": {"uv": [1.03125, 12.125, 0.75, 12.90625], "texture": "#2"}
			}
		},
		{
			"name": "cube_outline",
			"from": [5.60918, 8.97052, 20.62],
			"to": [3.56918, 8.63052, 15.18],
			"rotation": {"angle": 22.5, "axis": "z", "origin": [4.4647, 8.5, 18.325]},
			"faces": {
				"north": {"uv": [9, 0.75, 9.28125, 0.78125], "texture": "#2"},
				"east": {"uv": [13, 11.875, 13.78125, 11.90625], "texture": "#2"},
				"south": {"uv": [9, 0.75, 9.28125, 0.78125], "texture": "#2"},
				"west": {"uv": [13, 11.875, 13.78125, 11.90625], "texture": "#2"},
				"up": {"uv": [12.40625, 3.15625, 12.125, 2.375], "texture": "#2"},
				"down": {"uv": [12.40625, 6, 12.125, 6.78125], "texture": "#2"}
			}
		},
		{
			"name": "pipe_outline",
			"from": [10.52, 9.52, 20.62],
			"to": [5.08, 7.48, 15.18],
			"rotation": {"angle": 0, "axis": "y", "origin": [7.8, -1.275, 13.225]},
			"faces": {
				"north": {"uv": [12, 10, 12.78125, 10.28125], "texture": "#2"},
				"east": {"uv": [12.125, 5, 12.90625, 5.28125], "texture": "#2"},
				"south": {"uv": [6.125, 12.125, 6.90625, 12.40625], "texture": "#2"},
				"west": {"uv": [7, 12.125, 7.78125, 12.40625], "texture": "#2"},
				"up": {"uv": [1.65625, 9.65625, 0.875, 8.875], "texture": "#2"},
				"down": {"uv": [9.65625, 0.875, 8.875, 1.65625], "texture": "#2"}
			}
		},
		{
			"name": "cube_outline",
			"from": [9.67, 8.97056, 21.7675],
			"to": [5.08, 8.63056, 19.7275],
			"rotation": {"angle": 22.5, "axis": "x", "origin": [7.375, 8.6974, 20.875]},
			"faces": {
				"north": {"uv": [8.125, 0.875, 8.78125, 0.90625], "texture": "#2"},
				"east": {"uv": [9, 0.75, 9.28125, 0.78125], "texture": "#2"},
				"south": {"uv": [8.125, 0.875, 8.78125, 0.90625], "texture": "#2"},
				"west": {"uv": [9, 0.75, 9.28125, 0.78125], "texture": "#2"},
				"up": {"uv": [13.15625, 0.90625, 12.5, 0.625], "texture": "#2"},
				"down": {"uv": [13.15625, 1, 12.5, 1.28125], "texture": "#2"}
			}
		},
		{
			"name": "cube_outline",
			"from": [9.67, 8.36944, 21.9375],
			"to": [5.08, 8.02944, 19.8975],
			"rotation": {"angle": -22.5, "axis": "x", "origin": [7.375, 7.8474, 20.875]},
			"faces": {
				"north": {"uv": [8.125, 0.875, 8.78125, 0.90625], "texture": "#2"},
				"east": {"uv": [9, 0.75, 9.28125, 0.78125], "texture": "#2"},
				"south": {"uv": [8.125, 0.875, 8.78125, 0.90625], "texture": "#2"},
				"west": {"uv": [9, 0.75, 9.28125, 0.78125], "texture": "#2"},
				"up": {"uv": [13.15625, 1.65625, 12.5, 1.375], "texture": "#2"},
				"down": {"uv": [13.15625, 2.375, 12.5, 2.65625], "texture": "#2"}
			}
		},
		{
			"name": "cube_outline",
			"from": [9.67, 8.36944, 16.03],
			"to": [5.08, 8.02944, 13.99],
			"rotation": {"angle": 22.5, "axis": "x", "origin": [7.375, 8.5, 14.925]},
			"faces": {
				"north": {"uv": [8.125, 0.875, 8.78125, 0.90625], "texture": "#2"},
				"east": {"uv": [9, 0.75, 9.28125, 0.78125], "texture": "#2"},
				"south": {"uv": [8.125, 0.875, 8.78125, 0.90625], "texture": "#2"},
				"west": {"uv": [9, 0.75, 9.28125, 0.78125], "texture": "#2"},
				"up": {"uv": [13.15625, 3.03125, 12.5, 2.75], "texture": "#2"},
				"down": {"uv": [6.65625, 12.5, 6, 12.78125], "texture": "#2"}
			}
		},
		{
			"name": "cube_outline",
			"from": [9.67, 8.97056, 16.03],
			"to": [5.08, 8.63056, 13.99],
			"rotation": {"angle": -22.5, "axis": "x", "origin": [7.375, 8.5, 14.925]},
			"faces": {
				"north": {"uv": [8.125, 0.875, 8.78125, 0.90625], "texture": "#2"},
				"east": {"uv": [9, 0.75, 9.28125, 0.78125], "texture": "#2"},
				"south": {"uv": [8.125, 0.875, 8.78125, 0.90625], "texture": "#2"},
				"west": {"uv": [9, 0.75, 9.28125, 0.78125], "texture": "#2"},
				"up": {"uv": [13.15625, 6.28125, 12.5, 6], "texture": "#2"},
				"down": {"uv": [13.15625, 6.375, 12.5, 6.65625], "texture": "#2"}
			}
		},
		{
			"name": "cube_outline",
			"from": [11.31022, 8.36948, 20.62],
			"to": [9.27022, 8.02948, 15.18],
			"rotation": {"angle": 22.5, "axis": "z", "origin": [10.4147, 8.5, 18.325]},
			"faces": {
				"north": {"uv": [9, 0.75, 9.28125, 0.78125], "texture": "#2"},
				"east": {"uv": [13, 11.875, 13.78125, 11.90625], "texture": "#2"},
				"south": {"uv": [9, 0.75, 9.28125, 0.78125], "texture": "#2"},
				"west": {"uv": [13, 11.875, 13.78125, 11.90625], "texture": "#2"},
				"up": {"uv": [1.78125, 13.03125, 1.5, 12.25], "texture": "#2"},
				"down": {"uv": [2.15625, 12.25, 1.875, 13.03125], "texture": "#2"}
			}
		},
		{
			"name": "cube_outline",
			"from": [7.12, 4.42, 18.92],
			"to": [-1.72, 2.38, 16.88],
			"rotation": {"angle": 22.5, "axis": "z", "origin": [2.7, 3.4, 17.9]},
			"faces": {
				"north": {"uv": [9.75, 2.375, 11.03125, 2.65625], "texture": "#2"},
				"east": {"uv": [12.875, 9.375, 13.15625, 9.65625], "texture": "#2"},
				"south": {"uv": [9.75, 2.75, 11.03125, 3.03125], "texture": "#2"},
				"west": {"uv": [12.875, 9.75, 13.15625, 10.03125], "texture": "#2"},
				"up": {"uv": [6.65625, 10.28125, 5.375, 10], "texture": "#2"},
				"down": {"uv": [8.03125, 10, 6.75, 10.28125], "texture": "#2"}
			}
		},
		{
			"name": "cube_outline",
			"from": [17.32, 4.42, 18.92],
			"to": [8.48, 2.38, 16.88],
			"rotation": {"angle": -22.5, "axis": "z", "origin": [12.9, 3.4, 17.9]},
			"faces": {
				"north": {"uv": [10, 8.875, 11.28125, 9.15625], "texture": "#2"},
				"east": {"uv": [10.125, 12.875, 10.40625, 13.15625], "texture": "#2"},
				"south": {"uv": [10, 9.25, 11.28125, 9.53125], "texture": "#2"},
				"west": {"uv": [10.5, 12.875, 10.78125, 13.15625], "texture": "#2"},
				"up": {"uv": [10.90625, 10.28125, 9.625, 10], "texture": "#2"},
				"down": {"uv": [11.40625, 6.625, 10.125, 6.90625], "texture": "#2"}
			}
		},
		{
			"name": "cube_outline",
			"from": [20.13591, 3.18358, 19.77],
			"to": [16.39591, -0.55642, 16.03],
			"rotation": {"angle": -22.5, "axis": "z", "origin": [18.26591, 1.31358, 17.9]},
			"faces": {
				"north": {"uv": [3.375, 11.375, 3.90625, 11.90625], "texture": "#2"},
				"east": {"uv": [4, 11.375, 4.53125, 11.90625], "texture": "#2"},
				"south": {"uv": [11.375, 4.375, 11.90625, 4.90625], "texture": "#2"},
				"west": {"uv": [4.625, 11.375, 5.15625, 11.90625], "texture": "#2"},
				"up": {"uv": [11.90625, 9.28125, 11.375, 8.75], "texture": "#2"},
				"down": {"uv": [1.03125, 11.5, 0.5, 12.03125], "texture": "#2"}
			}
		},
		{
			"name": "cube_outline",
			"from": [-0.26409, 3.18358, 19.77],
			"to": [-4.00409, -0.55642, 16.03],
			"rotation": {"angle": 22.5, "axis": "z", "origin": [-2.13409, 1.31358, 17.9]},
			"faces": {
				"north": {"uv": [11.5, 5, 12.03125, 5.53125], "texture": "#2"},
				"east": {"uv": [6.125, 11.5, 6.65625, 12.03125], "texture": "#2"},
				"south": {"uv": [11.5, 6.5, 12.03125, 7.03125], "texture": "#2"},
				"west": {"uv": [6.75, 11.5, 7.28125, 12.03125], "texture": "#2"},
				"up": {"uv": [7.90625, 12.03125, 7.375, 11.5], "texture": "#2"},
				"down": {"uv": [12.03125, 9.375, 11.5, 9.90625], "texture": "#2"}
			}
		},
		{
			"name": "pipe_outline",
			"from": [0.7875, 15.5125, 25.3375],
			"to": [-4.7375, 9.9875, 19.8125],
			"rotation": {"angle": 22.5, "axis": "y", "origin": [-1.55, 12.325, 23]},
			"faces": {
				"north": {"uv": [5, 8, 5.8125, 8.8125], "texture": "#2"},
				"east": {"uv": [8.125, 0, 8.9375, 0.8125], "texture": "#2"},
				"south": {"uv": [5.875, 8.375, 6.6875, 9.1875], "texture": "#2"},
				"west": {"uv": [6.75, 8.375, 7.5625, 9.1875], "texture": "#2"},
				"up": {"uv": [8.4375, 9.1875, 7.625, 8.375], "texture": "#2"},
				"down": {"uv": [9.3125, 7.125, 8.5, 7.9375], "texture": "#2"}
			}
		},
		{
			"name": "pipe_outline",
			"from": [21.1875, 15.5125, 25.3375],
			"to": [15.6625, 9.9875, 19.8125],
			"rotation": {"angle": -22.5, "axis": "y", "origin": [18.85, 12.325, 23]},
			"faces": {
				"north": {"uv": [5, 8, 5.8125, 8.8125], "texture": "#2"},
				"east": {"uv": [8.125, 0, 8.9375, 0.8125], "texture": "#2"},
				"south": {"uv": [5.875, 8.375, 6.6875, 9.1875], "texture": "#2"},
				"west": {"uv": [6.75, 8.375, 7.5625, 9.1875], "texture": "#2"},
				"up": {"uv": [8.4375, 9.1875, 7.625, 8.375], "texture": "#2"},
				"down": {"uv": [9.3125, 7.125, 8.5, 7.9375], "texture": "#2"}
			}
		},
		{
			"name": "cube_outline",
			"from": [18.2125, 13.8125, 19.8125],
			"to": [9.2875, 11.6875, 17.6875],
			"rotation": {"angle": -22.5, "axis": "y", "origin": [9.5, 12.75, 18.75]},
			"faces": {
				"north": {"uv": [9.625, 5.5, 10.9375, 5.8125], "texture": "#2"},
				"east": {"uv": [5.875, 8, 6.1875, 8.3125], "texture": "#2"},
				"south": {"uv": [9.625, 5.875, 10.9375, 6.1875], "texture": "#2"},
				"west": {"uv": [5.5, 8.875, 5.8125, 9.1875], "texture": "#2"},
				"up": {"uv": [10.9375, 6.5625, 9.625, 6.25], "texture": "#2"},
				"down": {"uv": [10.9375, 9.625, 9.625, 9.9375], "texture": "#2"}
			}
		},
		{
			"name": "cube_outline",
			"from": [6.3125, 13.8125, 19.8125],
			"to": [-2.6125, 11.6875, 17.6875],
			"rotation": {"angle": 22.5, "axis": "y", "origin": [6.95, 12.75, 18.75]},
			"faces": {
				"north": {"uv": [9.625, 5.875, 10.9375, 6.1875], "texture": "#2"},
				"east": {"uv": [5.5, 8.875, 5.8125, 9.1875], "texture": "#2"},
				"south": {"uv": [9.625, 5.5, 10.9375, 5.8125], "texture": "#2"},
				"west": {"uv": [5.875, 8, 6.1875, 8.3125], "texture": "#2"},
				"up": {"uv": [10.9375, 6.5625, 9.625, 6.25], "texture": "#2"},
				"down": {"uv": [10.9375, 9.625, 9.625, 9.9375], "texture": "#2"}
			}
		},
		{
			"name": "pipe_outline",
			"from": [0.7875, 7.0125, 26.1875],
			"to": [-5.5875, 5.7375, 19.8125],
			"rotation": {"angle": 0, "axis": "y", "origin": [17.575, 9.35, 21.725]},
			"faces": {
				"north": {"uv": [12.5, 3.125, 13.4375, 3.3125], "texture": "#2"},
				"east": {"uv": [6.75, 12.5, 7.6875, 12.6875], "texture": "#2"},
				"south": {"uv": [12.625, 3.375, 13.5625, 3.5625], "texture": "#2"},
				"west": {"uv": [12.625, 3.625, 13.5625, 3.8125], "texture": "#2"},
				"up": {"uv": [8.8125, 1.9375, 7.875, 1], "texture": "#2"},
				"down": {"uv": [3.1875, 7.875, 2.25, 8.8125], "texture": "#2"}
			}
		},
		{
			"name": "pipe_outline",
			"from": [21.1875, 7.0125, 26.1875],
			"to": [14.8125, 5.7375, 19.8125],
			"rotation": {"angle": 0, "axis": "y", "origin": [17.575, 9.35, 21.725]},
			"faces": {
				"north": {"uv": [12.5, 3.125, 13.4375, 3.3125], "texture": "#2"},
				"east": {"uv": [6.75, 12.5, 7.6875, 12.6875], "texture": "#2"},
				"south": {"uv": [12.625, 3.375, 13.5625, 3.5625], "texture": "#2"},
				"west": {"uv": [12.625, 3.625, 13.5625, 3.8125], "texture": "#2"},
				"up": {"uv": [8.8125, 1.9375, 7.875, 1], "texture": "#2"},
				"down": {"uv": [3.1875, 7.875, 2.25, 8.8125], "texture": "#2"}
			}
		},
		{
			"name": "pipe_outline",
			"from": [16.9375, 10.4125, 31.2875],
			"to": [15.6625, 8.2875, 30.0125],
			"rotation": {"angle": 22.5, "axis": "y", "origin": [-2.825, 9.35, 21.725]},
			"faces": {
				"north": {"uv": [5.375, 13, 5.5625, 13.3125], "texture": "#2"},
				"east": {"uv": [6.75, 13, 6.9375, 13.3125], "texture": "#2"},
				"south": {"uv": [7, 13, 7.1875, 13.3125], "texture": "#2"},
				"west": {"uv": [7.25, 13, 7.4375, 13.3125], "texture": "#2"},
				"up": {"uv": [8.4375, 13.1875, 8.25, 13], "texture": "#2"},
				"down": {"uv": [8.6875, 13, 8.5, 13.1875], "texture": "#2"}
			}
		},
		{
			"name": "cube_outline",
			"from": [19.28591, 1.48358, 18.07],
			"to": [17.24591, -0.55642, 6.68],
			"rotation": {"angle": -45, "axis": "x", "origin": [18.26591, 0.46358, 16.2]},
			"faces": {
				"north": {"uv": [10.875, 12.875, 11.15625, 13.15625], "texture": "#2"},
				"east": {"uv": [9.5, 3.625, 11.15625, 3.90625], "texture": "#2"},
				"south": {"uv": [11.25, 12.875, 11.53125, 13.15625], "texture": "#2"},
				"west": {"uv": [9.5, 4, 11.15625, 4.28125], "texture": "#2"},
				"up": {"uv": [2.03125, 11.28125, 1.75, 9.625], "texture": "#2"},
				"down": {"uv": [2.40625, 9.625, 2.125, 11.28125], "texture": "#2"}
			}
		},
		{
			"from": [-2.98409, -3.0911, 7.97032],
			"to": [-1.28409, -1.3911, 19.02032],
			"rotation": {"angle": -45, "axis": "x", "origin": [-2.13409, -2.2411, 13.49532]},
			"faces": {
				"north": {"uv": [9.125, 12.375, 9.375, 12.625], "texture": "#2"},
				"east": {"uv": [0, 9.75, 1.625, 10], "texture": "#2"},
				"south": {"uv": [12.875, 10.125, 13.125, 10.375], "texture": "#2"},
				"west": {"uv": [9.75, 0, 11.375, 0.25], "texture": "#2"},
				"up": {"uv": [10, 1.875, 9.75, 0.25], "texture": "#2"},
				"down": {"uv": [0.25, 10, 0, 11.625], "texture": "#2"}
			}
		},
		{
			"from": [-1.55, 2.55, 17.05],
			"to": [6.95, 4.25, 18.75],
			"rotation": {"angle": 22.5, "axis": "z", "origin": [2.7, 3.4, 17.9]},
			"faces": {
				"north": {"uv": [10.125, 7, 11.375, 7.25], "texture": "#2"},
				"east": {"uv": [0, 13, 0.25, 13.25], "texture": "#2"},
				"south": {"uv": [10.125, 7.25, 11.375, 7.5], "texture": "#2"},
				"west": {"uv": [0.25, 13, 0.5, 13.25], "texture": "#2"},
				"up": {"uv": [11.5, 10.625, 10.25, 10.375], "texture": "#2"},
				"down": {"uv": [11.5, 10.625, 10.25, 10.875], "texture": "#2"}
			}
		},
		{
			"from": [8.65, 2.55, 17.05],
			"to": [17.15, 4.25, 18.75],
			"rotation": {"angle": -22.5, "axis": "z", "origin": [12.9, 3.4, 17.9]},
			"faces": {
				"north": {"uv": [10.875, 0.25, 12.125, 0.5], "texture": "#2"},
				"east": {"uv": [0.5, 13, 0.75, 13.25], "texture": "#2"},
				"south": {"uv": [10.875, 0.5, 12.125, 0.75], "texture": "#2"},
				"west": {"uv": [0.75, 13, 1, 13.25], "texture": "#2"},
				"up": {"uv": [12.125, 1, 10.875, 0.75], "texture": "#2"},
				"down": {"uv": [12.125, 1, 10.875, 1.25], "texture": "#2"}
			}
		},
		{
			"from": [-2.4, 11.9, 17.9],
			"to": [6.1, 13.6, 19.6],
			"rotation": {"angle": 22.5, "axis": "y", "origin": [6.95, 12.75, 18.75]},
			"faces": {
				"north": {"uv": [10.875, 0.5, 12.125, 0.75], "texture": "#2"},
				"east": {"uv": [0.75, 13, 1, 13.25], "texture": "#2"},
				"south": {"uv": [10.875, 0.25, 12.125, 0.5], "texture": "#2"},
				"west": {"uv": [0.5, 13, 0.75, 13.25], "texture": "#2"},
				"up": {"uv": [12.125, 1, 10.875, 0.75], "texture": "#2"},
				"down": {"uv": [12.125, 1, 10.875, 1.25], "texture": "#2"}
			}
		},
		{
			"from": [9.5, 11.9, 17.9],
			"to": [18, 13.6, 19.6],
			"rotation": {"angle": -22.5, "axis": "y", "origin": [9.5, 12.75, 18.75]},
			"faces": {
				"north": {"uv": [10.875, 0.25, 12.125, 0.5], "texture": "#2"},
				"east": {"uv": [0.5, 13, 0.75, 13.25], "texture": "#2"},
				"south": {"uv": [10.875, 0.5, 12.125, 0.75], "texture": "#2"},
				"west": {"uv": [0.75, 13, 1, 13.25], "texture": "#2"},
				"up": {"uv": [12.125, 1, 10.875, 0.75], "texture": "#2"},
				"down": {"uv": [12.125, 1, 10.875, 1.25], "texture": "#2"}
			}
		},
		{
			"from": [16.56591, -0.38642, 16.2],
			"to": [19.96591, 3.01358, 19.6],
			"rotation": {"angle": -22.5, "axis": "z", "origin": [18.26591, 1.31358, 17.9]},
			"faces": {
				"north": {"uv": [7, 1, 7.5, 1.5], "texture": "#2"},
				"east": {"uv": [11.375, 1.875, 11.875, 2.375], "texture": "#2"},
				"south": {"uv": [11.5, 5.625, 12, 6.125], "texture": "#2"},
				"west": {"uv": [11.5, 10, 12, 10.5], "texture": "#2"},
				"up": {"uv": [10.75, 12, 10.25, 11.5], "texture": "#2"},
				"down": {"uv": [11.25, 11.5, 10.75, 12], "texture": "#2"}
			}
		},
		{
			"from": [-3.83409, -0.38642, 16.2],
			"to": [-0.43409, 3.01358, 19.6],
			"rotation": {"angle": 22.5, "axis": "z", "origin": [-2.13409, 1.31358, 17.9]},
			"faces": {
				"north": {"uv": [11.25, 11.5, 11.75, 12], "texture": "#2"},
				"east": {"uv": [0, 11.625, 0.5, 12.125], "texture": "#2"},
				"south": {"uv": [11.625, 2.375, 12.125, 2.875], "texture": "#2"},
				"west": {"uv": [11.625, 2.875, 12.125, 3.375], "texture": "#2"},
				"up": {"uv": [5.75, 12.25, 5.25, 11.75], "texture": "#2"},
				"down": {"uv": [10.125, 11.75, 9.625, 12.25], "texture": "#2"}
			}
		},
		{
			"from": [17.41591, -0.38642, 6.85],
			"to": [19.11591, 1.31358, 17.9],
			"rotation": {"angle": -45, "axis": "x", "origin": [18.26591, 0.46358, 16.2]},
			"faces": {
				"north": {"uv": [2.5, 13, 2.75, 13.25], "texture": "#2"},
				"east": {"uv": [9.75, 1.875, 11.375, 2.125], "texture": "#2"},
				"south": {"uv": [2.75, 13, 3, 13.25], "texture": "#2"},
				"west": {"uv": [9.75, 2.125, 11.375, 2.375], "texture": "#2"},
				"up": {"uv": [0.5, 11.625, 0.25, 10], "texture": "#2"},
				"down": {"uv": [10.25, 0.25, 10, 1.875], "texture": "#2"}
			}
		},
		{
			"name": "cube_outline",
			"from": [-1.11409, -1.2211, 19.19032],
			"to": [-3.15409, -3.2611, 7.80032],
			"rotation": {"angle": -45, "axis": "x", "origin": [-2.13409, -2.2411, 13.49532]},
			"faces": {
				"north": {"uv": [11.625, 12.875, 11.90625, 13.15625], "texture": "#2"},
				"east": {"uv": [2.5, 9.625, 4.15625, 9.90625], "texture": "#2"},
				"south": {"uv": [12, 12.875, 12.28125, 13.15625], "texture": "#2"},
				"west": {"uv": [9.625, 4.375, 11.28125, 4.65625], "texture": "#2"},
				"up": {"uv": [4.53125, 11.28125, 4.25, 9.625], "texture": "#2"},
				"down": {"uv": [4.90625, 9.625, 4.625, 11.28125], "texture": "#2"}
			}
		},
		{
			"from": [9.44022, 8.80052, 15.35],
			"to": [11.14022, 8.80052, 20.45],
			"rotation": {"angle": -22.5, "axis": "z", "origin": [10.4147, 8.5, 18.325]},
			"faces": {
				"north": {"uv": [0, 0, 0.25, 0], "texture": "#2"},
				"east": {"uv": [0, 0, 0.75, 0], "texture": "#2"},
				"south": {"uv": [0, 0, 0.25, 0], "texture": "#2"},
				"west": {"uv": [0, 0, 0.75, 0], "texture": "#2"},
				"up": {"uv": [2.75, 13, 2.5, 12.25], "texture": "#2"},
				"down": {"uv": [3, 12.25, 2.75, 13], "texture": "#2"}
			}
		},
		{
			"from": [3.73918, 8.19948, 15.35],
			"to": [5.43918, 8.19948, 20.45],
			"rotation": {"angle": -22.5, "axis": "z", "origin": [4.4647, 8.5, 18.325]},
			"faces": {
				"north": {"uv": [0, 0, 0.25, 0], "texture": "#2"},
				"east": {"uv": [0, 0, 0.75, 0], "texture": "#2"},
				"south": {"uv": [0, 0, 0.25, 0], "texture": "#2"},
				"west": {"uv": [0, 0, 0.75, 0], "texture": "#2"},
				"up": {"uv": [3.25, 13, 3, 12.25], "texture": "#2"},
				"down": {"uv": [3.5, 12.25, 3.25, 13], "texture": "#2"}
			}
		},
		{
			"from": [3.73918, 8.80052, 15.35],
			"to": [5.43918, 8.80052, 20.45],
			"rotation": {"angle": 22.5, "axis": "z", "origin": [4.4647, 8.5, 18.325]},
			"faces": {
				"north": {"uv": [0, 0, 0.25, 0], "texture": "#2"},
				"east": {"uv": [0, 0, 0.75, 0], "texture": "#2"},
				"south": {"uv": [0, 0, 0.25, 0], "texture": "#2"},
				"west": {"uv": [0, 0, 0.75, 0], "texture": "#2"},
				"up": {"uv": [3.75, 13, 3.5, 12.25], "texture": "#2"},
				"down": {"uv": [4, 12.25, 3.75, 13], "texture": "#2"}
			}
		},
		{
			"name": "pipe",
			"from": [5.25, 7.65, 15.35],
			"to": [10.35, 9.35, 20.45],
			"rotation": {"angle": 0, "axis": "y", "origin": [7.8, -1.275, 13.225]},
			"faces": {
				"north": {"uv": [12.125, 5.375, 12.875, 5.625], "texture": "#2"},
				"east": {"uv": [12.125, 6.875, 12.875, 7.125], "texture": "#2"},
				"south": {"uv": [12.125, 9.375, 12.875, 9.625], "texture": "#2"},
				"west": {"uv": [12.125, 9.625, 12.875, 9.875], "texture": "#2"},
				"up": {"uv": [8.75, 4.5, 8, 3.75], "texture": "#2"},
				"down": {"uv": [9.5, 3.75, 8.75, 4.5], "texture": "#2"}
			}
		},
		{
			"from": [5.25, 8.80056, 19.8975],
			"to": [9.5, 8.80056, 21.5975],
			"rotation": {"angle": 22.5, "axis": "x", "origin": [7.375, 8.6974, 20.875]},
			"faces": {
				"north": {"uv": [0, 0, 0.625, 0], "texture": "#2"},
				"east": {"uv": [0, 0, 0.25, 0], "texture": "#2"},
				"south": {"uv": [0, 0, 0.625, 0], "texture": "#2"},
				"west": {"uv": [0, 0, 0.25, 0], "texture": "#2"},
				"up": {"uv": [8.5, 7.375, 7.875, 7.125], "texture": "#2"},
				"down": {"uv": [8.375, 12.5, 7.75, 12.75], "texture": "#2"}
			}
		},
		{
			"from": [5.25, 8.19944, 20.0675],
			"to": [9.5, 8.19944, 21.7675],
			"rotation": {"angle": -22.5, "axis": "x", "origin": [7.375, 7.8474, 20.875]},
			"faces": {
				"north": {"uv": [0, 0, 0.625, 0], "texture": "#2"},
				"east": {"uv": [0, 0, 0.25, 0], "texture": "#2"},
				"south": {"uv": [0, 0, 0.625, 0], "texture": "#2"},
				"west": {"uv": [0, 0, 0.25, 0], "texture": "#2"},
				"up": {"uv": [13.25, 4.125, 12.625, 3.875], "texture": "#2"},
				"down": {"uv": [13.25, 4.125, 12.625, 4.375], "texture": "#2"}
			}
		},
		{
			"from": [5.25, 8.19944, 14.16],
			"to": [9.5, 8.19944, 15.86],
			"rotation": {"angle": 22.5, "axis": "x", "origin": [7.375, 8.5, 14.925]},
			"faces": {
				"north": {"uv": [0, 0, 0.625, 0], "texture": "#2"},
				"east": {"uv": [0, 0, 0.25, 0], "texture": "#2"},
				"south": {"uv": [0, 0, 0.625, 0], "texture": "#2"},
				"west": {"uv": [0, 0, 0.25, 0], "texture": "#2"},
				"up": {"uv": [13.25, 7.375, 12.625, 7.125], "texture": "#2"},
				"down": {"uv": [13.25, 7.375, 12.625, 7.625], "texture": "#2"}
			}
		},
		{
			"from": [5.25, 8.80056, 14.16],
			"to": [9.5, 8.80056, 15.86],
			"rotation": {"angle": -22.5, "axis": "x", "origin": [7.375, 8.5, 14.925]},
			"faces": {
				"north": {"uv": [0, 0, 0.625, 0], "texture": "#2"},
				"east": {"uv": [0, 0, 0.25, 0], "texture": "#2"},
				"south": {"uv": [0, 0, 0.625, 0], "texture": "#2"},
				"west": {"uv": [0, 0, 0.25, 0], "texture": "#2"},
				"up": {"uv": [13.25, 7.875, 12.625, 7.625], "texture": "#2"},
				"down": {"uv": [13.25, 7.875, 12.625, 8.125], "texture": "#2"}
			}
		},
		{
			"from": [9.44022, 8.19948, 15.35],
			"to": [11.14022, 8.19948, 20.45],
			"rotation": {"angle": 22.5, "axis": "z", "origin": [10.4147, 8.5, 18.325]},
			"faces": {
				"north": {"uv": [0, 0, 0.25, 0], "texture": "#2"},
				"east": {"uv": [0, 0, 0.75, 0], "texture": "#2"},
				"south": {"uv": [0, 0, 0.25, 0], "texture": "#2"},
				"west": {"uv": [0, 0, 0.75, 0], "texture": "#2"},
				"up": {"uv": [4.25, 13, 4, 12.25], "texture": "#2"},
				"down": {"uv": [4.5, 12.25, 4.25, 13], "texture": "#2"}
			}
		},
		{
			"from": [9.44022, 7.10052, 15.35],
			"to": [11.14022, 7.10052, 20.45],
			"rotation": {"angle": -22.5, "axis": "z", "origin": [10.4147, 6.8, 18.325]},
			"faces": {
				"north": {"uv": [0, 0, 0.25, 0], "texture": "#2"},
				"east": {"uv": [0, 0, 0.75, 0], "texture": "#2"},
				"south": {"uv": [0, 0, 0.25, 0], "texture": "#2"},
				"west": {"uv": [0, 0, 0.75, 0], "texture": "#2"},
				"up": {"uv": [5.5, 13, 5.25, 12.25], "texture": "#2"},
				"down": {"uv": [5.75, 12.25, 5.5, 13], "texture": "#2"}
			}
		},
		{
			"from": [3.73918, 6.49948, 15.35],
			"to": [5.43918, 6.49948, 20.45],
			"rotation": {"angle": -22.5, "axis": "z", "origin": [4.4647, 6.8, 18.325]},
			"faces": {
				"north": {"uv": [0, 0, 0.25, 0], "texture": "#2"},
				"east": {"uv": [0, 0, 0.75, 0], "texture": "#2"},
				"south": {"uv": [0, 0, 0.25, 0], "texture": "#2"},
				"west": {"uv": [0, 0, 0.75, 0], "texture": "#2"},
				"up": {"uv": [9.875, 13, 9.625, 12.25], "texture": "#2"},
				"down": {"uv": [10.125, 12.25, 9.875, 13], "texture": "#2"}
			}
		},
		{
			"from": [3.73918, 7.10052, 15.35],
			"to": [5.43918, 7.10052, 20.45],
			"rotation": {"angle": 22.5, "axis": "z", "origin": [4.4647, 6.8, 18.325]},
			"faces": {
				"north": {"uv": [0, 0, 0.25, 0], "texture": "#2"},
				"east": {"uv": [0, 0, 0.75, 0], "texture": "#2"},
				"south": {"uv": [0, 0, 0.25, 0], "texture": "#2"},
				"west": {"uv": [0, 0, 0.75, 0], "texture": "#2"},
				"up": {"uv": [12.625, 4.375, 12.375, 3.625], "texture": "#2"},
				"down": {"uv": [6, 12.375, 5.75, 13.125], "texture": "#2"}
			}
		},
		{
			"name": "pipe",
			"from": [5.25, 5.95, 15.35],
			"to": [10.35, 7.65, 20.45],
			"rotation": {"angle": 0, "axis": "y", "origin": [7.8, -2.975, 13.225]},
			"faces": {
				"north": {"uv": [12.25, 11.5, 13, 11.75], "texture": "#2"},
				"east": {"uv": [12.25, 11.75, 13, 12], "texture": "#2"},
				"south": {"uv": [12.375, 0, 13.125, 0.25], "texture": "#2"},
				"west": {"uv": [12.375, 1.75, 13.125, 2], "texture": "#2"},
				"up": {"uv": [2.5, 9.625, 1.75, 8.875], "texture": "#2"},
				"down": {"uv": [3.25, 8.875, 2.5, 9.625], "texture": "#2"}
			}
		},
		{
			"from": [5.25, 7.10056, 19.8975],
			"to": [9.5, 7.10056, 21.5975],
			"rotation": {"angle": 22.5, "axis": "x", "origin": [7.375, 6.9974, 20.875]},
			"faces": {
				"north": {"uv": [0, 0, 0.625, 0], "texture": "#2"},
				"east": {"uv": [0, 0, 0.25, 0], "texture": "#2"},
				"south": {"uv": [0, 0, 0.625, 0], "texture": "#2"},
				"west": {"uv": [0, 0, 0.25, 0], "texture": "#2"},
				"up": {"uv": [13.25, 8.375, 12.625, 8.125], "texture": "#2"},
				"down": {"uv": [13.25, 8.375, 12.625, 8.625], "texture": "#2"}
			}
		},
		{
			"from": [5.25, 6.49944, 20.0675],
			"to": [9.5, 6.49944, 21.7675],
			"rotation": {"angle": -22.5, "axis": "x", "origin": [7.375, 6.1474, 20.875]},
			"faces": {
				"north": {"uv": [0, 0, 0.625, 0], "texture": "#2"},
				"east": {"uv": [0, 0, 0.25, 0], "texture": "#2"},
				"south": {"uv": [0, 0, 0.625, 0], "texture": "#2"},
				"west": {"uv": [0, 0, 0.25, 0], "texture": "#2"},
				"up": {"uv": [7.375, 13, 6.75, 12.75], "texture": "#2"},
				"down": {"uv": [8, 12.75, 7.375, 13], "texture": "#2"}
			}
		},
		{
			"from": [5.25, 6.49944, 14.16],
			"to": [9.5, 6.49944, 15.86],
			"rotation": {"angle": 22.5, "axis": "x", "origin": [7.375, 6.8, 14.925]},
			"faces": {
				"north": {"uv": [0, 0, 0.625, 0], "texture": "#2"},
				"east": {"uv": [0, 0, 0.25, 0], "texture": "#2"},
				"south": {"uv": [0, 0, 0.625, 0], "texture": "#2"},
				"west": {"uv": [0, 0, 0.25, 0], "texture": "#2"},
				"up": {"uv": [8.625, 13, 8, 12.75], "texture": "#2"},
				"down": {"uv": [9.25, 12.75, 8.625, 13], "texture": "#2"}
			}
		},
		{
			"from": [5.25, 7.10056, 14.16],
			"to": [9.5, 7.10056, 15.86],
			"rotation": {"angle": -22.5, "axis": "x", "origin": [7.375, 6.8, 14.925]},
			"faces": {
				"north": {"uv": [0, 0, 0.625, 0], "texture": "#2"},
				"east": {"uv": [0, 0, 0.25, 0], "texture": "#2"},
				"south": {"uv": [0, 0, 0.625, 0], "texture": "#2"},
				"west": {"uv": [0, 0, 0.25, 0], "texture": "#2"},
				"up": {"uv": [13, 13, 12.375, 12.75], "texture": "#2"},
				"down": {"uv": [5.125, 12.875, 4.5, 13.125], "texture": "#2"}
			}
		},
		{
			"from": [9.44022, 6.49948, 15.35],
			"to": [11.14022, 6.49948, 20.45],
			"rotation": {"angle": 22.5, "axis": "z", "origin": [10.4147, 6.8, 18.325]},
			"faces": {
				"north": {"uv": [0, 0, 0.25, 0], "texture": "#2"},
				"east": {"uv": [0, 0, 0.75, 0], "texture": "#2"},
				"south": {"uv": [0, 0, 0.25, 0], "texture": "#2"},
				"west": {"uv": [0, 0, 0.75, 0], "texture": "#2"},
				"up": {"uv": [12.625, 7.875, 12.375, 7.125], "texture": "#2"},
				"down": {"uv": [12.625, 7.875, 12.375, 8.625], "texture": "#2"}
			}
		},
		{
			"name": "pipe",
			"from": [6.95, -7.65, 17.05],
			"to": [8.65, 2.55, 18.75],
			"rotation": {"angle": 0, "axis": "y", "origin": [7.8, 3.825, 13.225]},
			"faces": {
				"north": {"uv": [0.5, 10, 0.75, 11.5], "texture": "#2"},
				"east": {"uv": [0.75, 10, 1, 11.5], "texture": "#2"},
				"south": {"uv": [1, 10, 1.25, 11.5], "texture": "#2"},
				"west": {"uv": [1.25, 10, 1.5, 11.5], "texture": "#2"},
				"up": {"uv": [3.25, 13.25, 3, 13], "texture": "#2"},
				"down": {"uv": [3.5, 13, 3.25, 13.25], "texture": "#2"}
			}
		},
		{
			"name": "pipe",
			"from": [6.1, 2.55, 16.2],
			"to": [9.5, 5.95, 19.6],
			"rotation": {"angle": 0, "axis": "y", "origin": [7.8, -6.375, 13.225]},
			"faces": {
				"north": {"uv": [11.75, 11.5, 12.25, 12], "texture": "#2"},
				"east": {"uv": [11.875, 1.875, 12.375, 2.375], "texture": "#2"},
				"south": {"uv": [11.875, 7.125, 12.375, 7.625], "texture": "#2"},
				"west": {"uv": [11.875, 7.625, 12.375, 8.125], "texture": "#2"},
				"up": {"uv": [12.375, 8.625, 11.875, 8.125], "texture": "#2"},
				"down": {"uv": [8.875, 11.875, 8.375, 12.375], "texture": "#2"}
			}
		},
		{
			"name": "pipe",
			"from": [6.95, 9.35, 17.05],
			"to": [8.65, 11.9, 18.75],
			"rotation": {"angle": 0, "axis": "y", "origin": [7.8, 0.425, 13.225]},
			"faces": {
				"north": {"uv": [10.875, 1.25, 11.375, 1.875], "texture": "#2"},
				"east": {"uv": [10.25, 10.875, 10.75, 11.5], "texture": "#2"},
				"south": {"uv": [10.75, 10.875, 11.25, 11.5], "texture": "#2"},
				"west": {"uv": [11, 5.5, 11.5, 6.125], "texture": "#2"},
				"up": {"uv": [9.375, 12.375, 8.875, 11.875], "texture": "#2"},
				"down": {"uv": [12.375, 10.5, 11.875, 11], "texture": "#2"}
			}
		},
		{
			"name": "pipe",
			"from": [6.1, 11.9, 16.2],
			"to": [9.5, 16.15, 19.6],
			"rotation": {"angle": 0, "axis": "y", "origin": [7.8, 3.825, 13.225]},
			"faces": {
				"north": {"uv": [11, 9.625, 11.5, 10.25], "texture": "#2"},
				"east": {"uv": [11.125, 2.375, 11.625, 3], "texture": "#2"},
				"south": {"uv": [11.125, 3, 11.625, 3.625], "texture": "#2"},
				"west": {"uv": [5.375, 11.125, 5.875, 11.75], "texture": "#2"},
				"up": {"uv": [12.375, 11.5, 11.875, 11], "texture": "#2"},
				"down": {"uv": [12.5, 1.25, 12, 1.75], "texture": "#2"}
			}
		},
		{
			"name": "pipe",
			"from": [4.4, 16.15, 14.5],
			"to": [11.2, 22.1, 21.3],
			"rotation": {"angle": 0, "axis": "y", "origin": [6.95, 8.075, 14.925]},
			"faces": {
				"north": {"uv": [7.875, 4.5, 8.875, 5.375], "texture": "#2"},
				"east": {"uv": [7.875, 5.375, 8.875, 6.25], "texture": "#2"},
				"south": {"uv": [7.875, 6.25, 8.875, 7.125], "texture": "#2"},
				"west": {"uv": [1.125, 8, 2.125, 8.875], "texture": "#2"},
				"up": {"uv": [7.875, 2.5, 6.875, 1.5], "texture": "#2"},
				"down": {"uv": [3.25, 6.875, 2.25, 7.875], "texture": "#2"}
			}
		},
		{
			"name": "pipe",
			"from": [15.875, 10.2, 20.025],
			"to": [20.975, 15.3, 25.125],
			"rotation": {"angle": -22.5, "axis": "y", "origin": [18.85, 12.325, 23]},
			"faces": {
				"north": {"uv": [3.25, 8.875, 4, 9.625], "texture": "#2"},
				"east": {"uv": [4, 8.875, 4.75, 9.625], "texture": "#2"},
				"south": {"uv": [8.875, 4.5, 9.625, 5.25], "texture": "#2"},
				"west": {"uv": [4.75, 8.875, 5.5, 9.625], "texture": "#2"},
				"up": {"uv": [9.625, 6, 8.875, 5.25], "texture": "#2"},
				"down": {"uv": [9.625, 6, 8.875, 6.75], "texture": "#2"}
			}
		},
		{
			"name": "pipe",
			"from": [-4.525, 10.2, 20.025],
			"to": [0.575, 15.3, 25.125],
			"rotation": {"angle": 22.5, "axis": "y", "origin": [-1.55, 12.325, 23]},
			"faces": {
				"north": {"uv": [3.25, 8.875, 4, 9.625], "texture": "#2"},
				"east": {"uv": [4, 8.875, 4.75, 9.625], "texture": "#2"},
				"south": {"uv": [8.875, 4.5, 9.625, 5.25], "texture": "#2"},
				"west": {"uv": [4.75, 8.875, 5.5, 9.625], "texture": "#2"},
				"up": {"uv": [9.625, 6, 8.875, 5.25], "texture": "#2"},
				"down": {"uv": [9.625, 6, 8.875, 6.75], "texture": "#2"}
			}
		},
		{
			"name": "pipe",
			"from": [4.4, 16.15, 7.7],
			"to": [11.2, 22.1, 9.4],
			"rotation": {"angle": 0, "axis": "y", "origin": [6.95, 8.075, 8.125]},
			"faces": {
				"north": {"uv": [8, 2, 9, 2.875], "texture": "#2"},
				"east": {"uv": [9.375, 11.875, 9.625, 12.75], "texture": "#2"},
				"south": {"uv": [8, 2.875, 9, 3.75], "texture": "#2"},
				"west": {"uv": [2.25, 12.25, 2.5, 13.125], "texture": "#2"},
				"up": {"uv": [12.375, 0.25, 11.375, 0], "texture": "#2"},
				"down": {"uv": [12.625, 3.375, 11.625, 3.625], "texture": "#2"}
			}
		},
		{
			"name": "pipe",
			"from": [5.25, 19.94853, 9.0691],
			"to": [10.35, 19.94853, 14.1691],
			"rotation": {"angle": 22.5, "axis": "x", "origin": [7.8, 19.94853, 12.0441]},
			"faces": {
				"north": {"uv": [0, 0, 0.75, 0], "texture": "#2"},
				"east": {"uv": [0, 0, 0.75, 0], "texture": "#2"},
				"south": {"uv": [0, 0, 0.75, 0], "texture": "#2"},
				"west": {"uv": [0, 0, 0.75, 0], "texture": "#2"},
				"up": {"uv": [9.25, 9.625, 8.5, 8.875], "texture": "#2"},
				"down": {"uv": [9.75, 0, 9, 0.75], "texture": "#2"}
			}
		},
		{
			"name": "pipe",
			"from": [9.5, 16.38589, 9.10145],
			"to": [9.5, 21.48589, 14.20145],
			"rotation": {"angle": -22.5, "axis": "y", "origin": [9.5, 18.93589, 11.65145]},
			"faces": {
				"north": {"uv": [0, 0, 0, 0.75], "texture": "#2"},
				"east": {"uv": [9, 1.75, 9.75, 2.5], "texture": "#2"},
				"south": {"uv": [0, 0, 0, 0.75], "texture": "#2"},
				"west": {"uv": [9, 2.5, 9.75, 3.25], "texture": "#2"},
				"up": {"uv": [0, 0.75, 0, 0], "texture": "#2"},
				"down": {"uv": [0, 0, 0, 0.75], "texture": "#2"}
			}
		},
		{
			"name": "pipe",
			"from": [6.95, 18.7, 11.95],
			"to": [8.65, 19.55, 15.35],
			"rotation": {"angle": 0, "axis": "y", "origin": [6.95, 8.075, 8.975]},
			"faces": {
				"north": {"uv": [3.375, 5, 3.625, 5.125], "texture": "#2"},
				"east": {"uv": [6.25, 1.5, 6.75, 1.625], "texture": "#2"},
				"south": {"uv": [6.125, 5, 6.375, 5.125], "texture": "#2"},
				"west": {"uv": [1.125, 6.75, 1.625, 6.875], "texture": "#2"},
				"up": {"uv": [7.75, 1.5, 7.5, 1], "texture": "#2"},
				"down": {"uv": [11.125, 3.125, 10.875, 3.625], "texture": "#2"}
			}
		},
		{
			"name": "pipe",
			"from": [5.25, 18.08589, 9.10145],
			"to": [10.35, 18.08589, 14.20145],
			"rotation": {"angle": -22.5, "axis": "x", "origin": [7.8, 18.08589, 11.65145]},
			"faces": {
				"north": {"uv": [0, 0, 0.75, 0], "texture": "#2"},
				"east": {"uv": [0, 0, 0.75, 0], "texture": "#2"},
				"south": {"uv": [0, 0, 0.75, 0], "texture": "#2"},
				"west": {"uv": [0, 0, 0.75, 0], "texture": "#2"},
				"up": {"uv": [6.25, 10, 5.5, 9.25], "texture": "#2"},
				"down": {"uv": [7, 9.25, 6.25, 10], "texture": "#2"}
			}
		},
		{
			"name": "pipe",
			"from": [6.1, 16.38589, 9.10145],
			"to": [6.1, 21.48589, 14.20145],
			"rotation": {"angle": 22.5, "axis": "y", "origin": [6.1, 18.93589, 11.65145]},
			"faces": {
				"north": {"uv": [0, 0, 0, 0.75], "texture": "#2"},
				"east": {"uv": [7, 9.25, 7.75, 10], "texture": "#2"},
				"south": {"uv": [0, 0, 0, 0.75], "texture": "#2"},
				"west": {"uv": [7.75, 9.25, 8.5, 10], "texture": "#2"},
				"up": {"uv": [0, 0.75, 0, 0], "texture": "#2"},
				"down": {"uv": [0, 0, 0, 0.75], "texture": "#2"}
			}
		},
		{
			"from": [2.7, -10.2, 12.8],
			"to": [12.9, -0.85, 23],
			"rotation": {"angle": 0, "axis": "y", "origin": [7.8, -5.525, 17.9]},
			"faces": {
				"north": {"uv": [6.375, 4.625, 7.875, 6], "texture": "#2"},
				"east": {"uv": [6.375, 6, 7.875, 7.375], "texture": "#2"},
				"south": {"uv": [3.25, 6.625, 4.75, 8], "texture": "#2"},
				"west": {"uv": [4.75, 6.625, 6.25, 8], "texture": "#2"},
				"up": {"uv": [4.875, 6.625, 3.375, 5.125], "texture": "#2"},
				"down": {"uv": [6.375, 5.125, 4.875, 6.625], "texture": "#2"}
			}
		},
		{
			"from": [1.85, -11.05, 23.425],
			"to": [13.75, 0, 23.425],
			"rotation": {"angle": 0, "axis": "y", "origin": [7.8, -5.525, 28.1]},
			"faces": {
				"north": {"uv": [0, 3.5, 1.75, 5.125], "texture": "#2"},
				"east": {"uv": [0, 0, 0, 1.625], "texture": "#2"},
				"south": {"uv": [3.625, 0, 5.375, 1.625], "texture": "#2"},
				"west": {"uv": [0, 0, 0, 1.625], "texture": "#2"},
				"up": {"uv": [1.75, 0, 0, 0], "texture": "#2"},
				"down": {"uv": [1.75, 0, 0, 0], "texture": "#2"}
			}
		},
		{
			"from": [13.325, -11.05, 11.95],
			"to": [13.325, 0, 23.85],
			"rotation": {"angle": 0, "axis": "y", "origin": [18, -5.525, 17.9]},
			"faces": {
				"north": {"uv": [0, 0, 0, 1.625], "texture": "#2"},
				"east": {"uv": [3.625, 0, 5.375, 1.625], "texture": "#2"},
				"south": {"uv": [0, 0, 0, 1.625], "texture": "#2"},
				"west": {"uv": [0, 3.5, 1.75, 5.125], "texture": "#2"},
				"up": {"uv": [1.75, 0, 0, 0], "texture": "#2"},
				"down": {"uv": [1.75, 0, 0, 0], "texture": "#2"}
			}
		},
		{
			"from": [2.275, -11.05, 11.95],
			"to": [2.275, 0, 23.85],
			"rotation": {"angle": 0, "axis": "y", "origin": [-2.4, -5.525, 17.9]},
			"faces": {
				"north": {"uv": [0, 0, 0, 1.625], "texture": "#2"},
				"east": {"uv": [0, 3.5, 1.75, 5.125], "texture": "#2"},
				"south": {"uv": [0, 0, 0, 1.625], "texture": "#2"},
				"west": {"uv": [3.625, 0, 5.375, 1.625], "texture": "#2"},
				"up": {"uv": [1.75, 0, 0, 0], "texture": "#2"},
				"down": {"uv": [1.75, 0, 0, 0], "texture": "#2"}
			}
		},
		{
			"from": [2.275, -11.05, 11.95],
			"to": [13.325, -11.05, 23.85],
			"rotation": {"angle": 0, "axis": "y", "origin": [7.8, -15.725, 17.9]},
			"faces": {
				"north": {"uv": [0, 0, 0, 1.625], "texture": "#2"},
				"east": {"uv": [0, 0, 1.75, 0], "texture": "#2"},
				"south": {"uv": [0, 0, 0, 1.625], "texture": "#2"},
				"west": {"uv": [0, 0, 1.75, 0], "texture": "#2"},
				"up": {"uv": [5.25, 3.375, 3.625, 1.625], "texture": "#2"},
				"down": {"uv": [5.25, 3.375, 3.625, 5.125], "texture": "#2"}
			}
		},
		{
			"from": [1.85, -11.05, 11.525],
			"to": [13.75, 0, 11.525],
			"rotation": {"angle": 0, "axis": "y", "origin": [7.8, -5.525, 6.85]},
			"faces": {
				"north": {"uv": [3.625, 0, 5.375, 1.625], "texture": "#2"},
				"east": {"uv": [0, 0, 0, 1.625], "texture": "#2"},
				"south": {"uv": [0, 3.5, 1.75, 5.125], "texture": "#2"},
				"west": {"uv": [0, 0, 0, 1.625], "texture": "#2"},
				"up": {"uv": [1.75, 0, 0, 0], "texture": "#2"},
				"down": {"uv": [1.75, 0, 0, 0], "texture": "#2"}
			}
		},
		{
			"from": [6.95, -2.025, 12.8],
			"to": [8.65, -0.325, 14.5],
			"rotation": {"angle": 0, "axis": "y", "origin": [7.8, 0.95, 13.225]},
			"faces": {
				"north": {"uv": [3.5, 13, 3.75, 13.25], "texture": "#2"},
				"east": {"uv": [3.75, 13, 4, 13.25], "texture": "#2"},
				"south": {"uv": [4, 13, 4.25, 13.25], "texture": "#2"},
				"west": {"uv": [4.25, 13, 4.5, 13.25], "texture": "#2"},
				"up": {"uv": [13.25, 4.625, 13, 4.375], "texture": "#2"},
				"down": {"uv": [13.25, 4.875, 13, 5.125], "texture": "#2"}
			}
		},
		{
			"from": [1.85, -10.525, 11.1],
			"to": [13.75, -8.825, 11.1],
			"rotation": {"angle": 0, "axis": "y", "origin": [7.8, 2.65, 13.225]},
			"faces": {
				"north": {"uv": [9.375, 8.625, 11.125, 8.875], "texture": "#2"},
				"east": {"uv": [0, 0, 0, 0.25], "texture": "#2"},
				"south": {"uv": [9.625, 4.75, 11.375, 5], "texture": "#2"},
				"west": {"uv": [0, 0, 0, 0.25], "texture": "#2"},
				"up": {"uv": [1.75, 0, 0, 0], "texture": "#2"},
				"down": {"uv": [1.75, 0, 0, 0], "texture": "#2"}
			}
		},
		{
			"from": [6.95, -8.825, 11.1],
			"to": [8.65, -0.325, 12.8],
			"rotation": {"angle": 0, "axis": "y", "origin": [7.8, 2.65, 13.225]},
			"faces": {
				"north": {"uv": [3.375, 3.75, 3.625, 5], "texture": "#2"},
				"east": {"uv": [1.5, 10, 1.75, 11.25], "texture": "#2"},
				"south": {"uv": [4, 10, 4.25, 11.25], "texture": "#2"},
				"west": {"uv": [5.875, 11.125, 6.125, 12.375], "texture": "#2"},
				"up": {"uv": [5.375, 13.25, 5.125, 13], "texture": "#2"},
				"down": {"uv": [13.25, 5.125, 13, 5.375], "texture": "#2"}
			}
		},
		{
			"from": [1.85, -10.525, 4.3],
			"to": [13.75, -8.825, 4.3],
			"rotation": {"angle": 0, "axis": "y", "origin": [7.8, 2.65, 13.225]},
			"faces": {
				"north": {"uv": [9.625, 5, 11.375, 5.25], "texture": "#2"},
				"east": {"uv": [0, 0, 0, 0.25], "texture": "#2"},
				"south": {"uv": [9.625, 5.25, 11.375, 5.5], "texture": "#2"},
				"west": {"uv": [0, 0, 0, 0.25], "texture": "#2"},
				"up": {"uv": [1.75, 0, 0, 0], "texture": "#2"},
				"down": {"uv": [1.75, 0, 0, 0], "texture": "#2"}
			}
		},
		{
			"from": [1.85, -10.525, 4.3],
			"to": [1.85, -8.825, 11.1],
			"rotation": {"angle": 0, "axis": "y", "origin": [7.8, 2.65, 13.225]},
			"faces": {
				"north": {"uv": [0, 0, 0, 0.25], "texture": "#2"},
				"east": {"uv": [1.5, 12, 2.5, 12.25], "texture": "#2"},
				"south": {"uv": [0, 0, 0, 0.25], "texture": "#2"},
				"west": {"uv": [2.5, 12, 3.5, 12.25], "texture": "#2"},
				"up": {"uv": [0, 1, 0, 0], "texture": "#2"},
				"down": {"uv": [0, 0, 0, 1], "texture": "#2"}
			}
		},
		{
			"from": [13.75, -10.525, 4.3],
			"to": [13.75, -8.825, 11.1],
			"rotation": {"angle": 0, "axis": "y", "origin": [7.8, 2.65, 13.225]},
			"faces": {
				"north": {"uv": [0, 0, 0, 0.25], "texture": "#2"},
				"east": {"uv": [3.5, 12, 4.5, 12.25], "texture": "#2"},
				"south": {"uv": [0, 0, 0, 0.25], "texture": "#2"},
				"west": {"uv": [12, 4.375, 13, 4.625], "texture": "#2"},
				"up": {"uv": [0, 1, 0, 0], "texture": "#2"},
				"down": {"uv": [0, 0, 0, 1], "texture": "#2"}
			}
		},
		{
			"name": "pipe",
			"from": [15.875, 8.5, 30.225],
			"to": [16.725, 10.2, 31.075],
			"shade": false,
			"rotation": {"angle": 22.5, "axis": "y", "origin": [-2.825, 9.35, 21.725]},
			"faces": {
				"north": {"uv": [1.75, 3.5, 1.875, 3.75], "texture": "#2"},
				"east": {"uv": [1.625, 5.125, 1.75, 5.375], "texture": "#2"},
				"south": {"uv": [6.25, 6.625, 6.375, 6.875], "texture": "#2"},
				"west": {"uv": [6.25, 6.875, 6.375, 7.125], "texture": "#2"},
				"up": {"uv": [3.375, 6.625, 3.25, 6.5], "texture": "#2"},
				"down": {"uv": [6.875, 1.5, 6.75, 1.625], "texture": "#2"}
			}
		},
		{
			"name": "pipe",
			"from": [-4.75945, 5.65617, 23.85],
			"to": [0.34055, 10.75617, 23.85],
			"shade": false,
			"rotation": {"angle": -22.5, "axis": "x", "origin": [-2.20945, 10.75617, 23]},
			"faces": {
				"north": {"uv": [9.25, 8.875, 10, 9.625], "texture": "#2"},
				"east": {"uv": [0, 0, 0, 0.75], "texture": "#2"},
				"south": {"uv": [9.375, 6.75, 10.125, 7.5], "texture": "#2"},
				"west": {"uv": [0, 0, 0, 0.75], "texture": "#2"},
				"up": {"uv": [0.75, 0, 0, 0], "texture": "#2"},
				"down": {"uv": [0, 0, 0, 0.75], "texture": "#2"}
			}
		},
		{
			"name": "pipe",
			"from": [-0.47999, 5.95627, 20.45],
			"to": [-0.47999, 11.05627, 25.55],
			"shade": false,
			"rotation": {"angle": 22.5, "axis": "z", "origin": [-0.47999, 8.50627, 23]},
			"faces": {
				"north": {"uv": [0, 0, 0, 0.75], "texture": "#2"},
				"east": {"uv": [9.375, 6.75, 10.125, 7.5], "texture": "#2"},
				"south": {"uv": [0, 0, 0, 0.75], "texture": "#2"},
				"west": {"uv": [9.25, 8.875, 10, 9.625], "texture": "#2"},
				"up": {"uv": [0.75, 0, 0, 0], "texture": "#2"},
				"down": {"uv": [0, 0, 0, 0.75], "texture": "#2"}
			}
		},
		{
			"name": "pipe",
			"from": [-3.90945, 6.50617, 20.45],
			"to": [-3.90945, 11.60617, 25.55],
			"shade": false,
			"rotation": {"angle": -22.5, "axis": "z", "origin": [-3.90945, 9.05617, 23]},
			"faces": {
				"north": {"uv": [0, 0, 0, 0.75], "texture": "#2"},
				"east": {"uv": [9.25, 8.875, 10, 9.625], "texture": "#2"},
				"south": {"uv": [0, 0, 0, 0.75], "texture": "#2"},
				"west": {"uv": [9.375, 6.75, 10.125, 7.5], "texture": "#2"},
				"up": {"uv": [0.75, 0, 0, 0], "texture": "#2"},
				"down": {"uv": [0, 0, 0, 0.75], "texture": "#2"}
			}
		},
		{
			"name": "pipe",
			"from": [-4.75945, 5.95, 21.895],
			"to": [0.34055, 11.05, 21.895],
			"shade": false,
			"rotation": {"angle": 22.5, "axis": "x", "origin": [-2.20945, 9.05615, 22.15]},
			"faces": {
				"north": {"uv": [9.375, 6.75, 10.125, 7.5], "texture": "#2"},
				"east": {"uv": [0, 0, 0, 0.75], "texture": "#2"},
				"south": {"uv": [9.25, 8.875, 10, 9.625], "texture": "#2"},
				"west": {"uv": [0, 0, 0, 0.75], "texture": "#2"},
				"up": {"uv": [0.75, 0, 0, 0], "texture": "#2"},
				"down": {"uv": [0, 0, 0, 0.75], "texture": "#2"}
			}
		},
		{
			"name": "pipe",
			"from": [15.025, 5.95, 20.025],
			"to": [20.975, 6.8, 25.975],
			"shade": false,
			"rotation": {"angle": 0, "axis": "y", "origin": [17.575, 9.35, 21.725]},
			"faces": {
				"north": {"uv": [5.25, 5, 6.125, 5.125], "texture": "#2"},
				"east": {"uv": [5.375, 1.5, 6.25, 1.625], "texture": "#2"},
				"south": {"uv": [6.875, 4.5, 7.75, 4.625], "texture": "#2"},
				"west": {"uv": [9.75, 3.125, 10.625, 3.25], "texture": "#2"},
				"up": {"uv": [4.125, 8.875, 3.25, 8], "texture": "#2"},
				"down": {"uv": [5, 8, 4.125, 8.875], "texture": "#2"}
			}
		},
		{
			"name": "pipe",
			"from": [19.92001, 5.95627, 20.45],
			"to": [19.92001, 11.05627, 25.55],
			"shade": false,
			"rotation": {"angle": 22.5, "axis": "z", "origin": [19.92001, 8.50627, 23]},
			"faces": {
				"north": {"uv": [0, 0, 0, 0.75], "texture": "#2"},
				"east": {"uv": [9.375, 6.75, 10.125, 7.5], "texture": "#2"},
				"south": {"uv": [0, 0, 0, 0.75], "texture": "#2"},
				"west": {"uv": [9.25, 8.875, 10, 9.625], "texture": "#2"},
				"up": {"uv": [0.75, 0, 0, 0], "texture": "#2"},
				"down": {"uv": [0, 0, 0, 0.75], "texture": "#2"}
			}
		},
		{
			"name": "pipe",
			"from": [16.49055, 6.50617, 20.45],
			"to": [16.49055, 11.60617, 25.55],
			"shade": false,
			"rotation": {"angle": -22.5, "axis": "z", "origin": [16.49055, 9.05617, 23]},
			"faces": {
				"north": {"uv": [0, 0, 0, 0.75], "texture": "#2"},
				"east": {"uv": [9.25, 8.875, 10, 9.625], "texture": "#2"},
				"south": {"uv": [0, 0, 0, 0.75], "texture": "#2"},
				"west": {"uv": [9.375, 6.75, 10.125, 7.5], "texture": "#2"},
				"up": {"uv": [0.75, 0, 0, 0], "texture": "#2"},
				"down": {"uv": [0, 0, 0, 0.75], "texture": "#2"}
			}
		},
		{
			"name": "pipe",
			"from": [15.64055, 5.65617, 21.3],
			"to": [20.74055, 10.75617, 21.3],
			"shade": false,
			"rotation": {"angle": 22.5, "axis": "x", "origin": [18.19055, 8.20617, 22.15]},
			"faces": {
				"north": {"uv": [9.375, 6.75, 10.125, 7.5], "texture": "#2"},
				"east": {"uv": [0, 0, 0, 0.75], "texture": "#2"},
				"south": {"uv": [9.25, 8.875, 10, 9.625], "texture": "#2"},
				"west": {"uv": [0, 0, 0, 0.75], "texture": "#2"},
				"up": {"uv": [0.75, 0, 0, 0], "texture": "#2"},
				"down": {"uv": [0, 0, 0, 0.75], "texture": "#2"}
			}
		},
		{
			"name": "pipe",
			"from": [-5.375, 5.95, 20.025],
			"to": [0.575, 6.8, 25.975],
			"shade": false,
			"rotation": {"angle": 0, "axis": "y", "origin": [17.575, 9.35, 21.725]},
			"faces": {
				"north": {"uv": [5.25, 5, 6.125, 5.125], "texture": "#2"},
				"east": {"uv": [5.375, 1.5, 6.25, 1.625], "texture": "#2"},
				"south": {"uv": [6.875, 4.5, 7.75, 4.625], "texture": "#2"},
				"west": {"uv": [9.75, 3.125, 10.625, 3.25], "texture": "#2"},
				"up": {"uv": [4.125, 8.875, 3.25, 8], "texture": "#2"},
				"down": {"uv": [5, 8, 4.125, 8.875], "texture": "#2"}
			}
		},
		{
			"name": "pipe",
			"from": [15.64055, 5.65617, 23.85],
			"to": [20.74055, 10.75617, 23.85],
			"shade": false,
			"rotation": {"angle": -22.5, "axis": "x", "origin": [18.19055, 10.75617, 23]},
			"faces": {
				"north": {"uv": [9.25, 8.875, 10, 9.625], "texture": "#2"},
				"east": {"uv": [0, 0, 0, 0.75], "texture": "#2"},
				"south": {"uv": [9.375, 6.75, 10.125, 7.5], "texture": "#2"},
				"west": {"uv": [0, 0, 0, 0.75], "texture": "#2"},
				"up": {"uv": [0.75, 0, 0, 0], "texture": "#2"},
				"down": {"uv": [0, 0, 0, 0.75], "texture": "#2"}
			}
		}
	],
	"display": {
		"firstperson_righthand": {
			"translation": [5.75, 0, 0.5]
		},
		"gui": {
			"rotation": [171.9, -39.52, 174.8],
			"translation": [2.5, 1.25, 0],
			"scale": [0.4, 0.4, 0.4]
		},
		"head": {
			"translation": [0, -2.75, 12.25]
		}
	},
	"groups": [
		{
			"name": "outline",
			"origin": [20.31283, -6.63659, -8.18198],
			"color": 0,
			"children": [
				0,
				1,
				2,
				3,
				4,
				5,
				6,
				7,
				8,
				9,
				10,
				11,
				12,
				13,
				14,
				15,
				16,
				17,
				18,
				19,
				20,
				21,
				22,
				23,
				24,
				25,
				26,
				27,
				28,
				29,
				30,
				31,
				32,
				33,
				34,
				35,
				36,
				37,
				38,
				39,
				40,
				41,
				42,
				43,
				44,
				45,
				46,
				47
			]
		},
		{
			"name": "base",
			"origin": [8, 8, 8],
			"color": 0,
			"children": [
				{
					"name": "bandle_handle",
					"origin": [20.31283, 1.54539, 8],
					"color": 0,
					"children": [48, 49, 50, 51, 52, 53, 54, 55, 56, 57]
				},
				{
					"name": "pump",
					"origin": [7.5, 8, 4.5],
					"color": 0,
					"children": [58, 59, 60, 61, 62, 63, 64, 65, 66]
				},
				{
					"name": "pump",
					"origin": [7.5, 8, 4.5],
					"color": 0,
					"children": [67, 68, 69, 70, 71, 72, 73, 74, 75]
				},
				{
					"name": "pipes",
					"origin": [8, 4.5, 2.5],
					"color": 0,
					"children": [76, 77, 78, 79]
				},
				{
					"name": "head",
					"origin": [7, 9.5, -3.5],
					"color": 0,
					"children": [80, 81, 82, 83]
				},
				{
					"name": "funnel",
					"origin": [6, 22.27752, 0.64877],
					"color": 0,
					"children": [84, 85, 86, 87, 88]
				},
				{
					"name": "bowl",
					"origin": [6, 2, 12],
					"color": 0,
					"children": [89, 90, 91, 92, 93, 94]
				},
				{
					"name": "belt",
					"origin": [22, 10, -8],
					"color": 0,
					"children": [95, 96, 97, 98, 99, 100]
				}
			]
		},
		{
			"name": "jet",
			"origin": [19.5, 11, 12.5],
			"color": 0,
			"shade": false,
			"children": [101, 102, 103, 104, 105, 106, 107, 108, 109, 110, 111]
		}
	]
}