{
	"credit": "Made with Blockbench",
	"texture_size": [64, 64],
	"textures": {
		"2": "firegame:item/hoses/fludd/handle"
	},
	"elements": [
		{
			"name": "cube_outline",
			"from": [22.51283, 5.56341, 14.51802],
			"to": [17.11283, 0.16341, 1.11802],
			"rotation": {"angle": 0, "axis": "y", "origin": [20.31283, 3.36341, 7.81802]},
			"faces": {
				"north": {"uv": [6.5, 0, 7.75, 1.25], "texture": "#2"},
				"east": {"uv": [0, 0, 3.25, 1.25], "texture": "#2"},
				"south": {"uv": [6.5, 1.25, 7.75, 2.5], "texture": "#2"},
				"west": {"uv": [0, 1.25, 3.25, 2.5], "texture": "#2"},
				"up": {"uv": [1.25, 5.75, 0, 2.5], "texture": "#2"},
				"down": {"uv": [2.5, 2.5, 1.25, 5.75], "texture": "#2"}
			}
		},
		{
			"name": "cube_outline",
			"from": [-1.48717, 5.56341, 14.51802],
			"to": [-6.88717, 0.16341, 1.11802],
			"rotation": {"angle": 0, "axis": "y", "origin": [-3.68717, 3.36341, 7.81802]},
			"faces": {
				"north": {"uv": [2.5, 7, 3.75, 8.25], "texture": "#2"},
				"east": {"uv": [2.5, 2.5, 5.75, 3.75], "texture": "#2"},
				"south": {"uv": [3.75, 7, 5, 8.25], "texture": "#2"},
				"west": {"uv": [3.25, 0, 6.5, 1.25], "texture": "#2"},
				"up": {"uv": [3.75, 7, 2.5, 3.75], "texture": "#2"},
				"down": {"uv": [5, 3.75, 3.75, 7], "texture": "#2"}
			}
		},
		{
			"from": [-6.68717, 0.36341, 1.31802],
			"to": [-1.68717, 5.36341, 14.31802],
			"rotation": {"angle": 0, "axis": "y", "origin": [-3.68717, 3.36341, 7.81802]},
			"faces": {
				"north": {"uv": [7.5, 6.25, 8.75, 7.5], "texture": "#2"},
				"east": {"uv": [4.5, 1.75, 6.5, 2.5], "texture": "#2"},
				"south": {"uv": [7.5, 7.5, 8.75, 8.75], "texture": "#2"},
				"west": {"uv": [5, 3.75, 8.25, 5], "texture": "#2"},
				"up": {"uv": [6.25, 8.25, 5, 5], "texture": "#2"},
				"down": {"uv": [1.25, 5.75, 0, 9], "texture": "#2"}
			}
		},
		{
			"from": [17.31283, 0.36341, 1.31802],
			"to": [22.31283, 5.36341, 14.31802],
			"rotation": {"angle": 0, "axis": "y", "origin": [20.31283, 3.36341, 7.81802]},
			"faces": {
				"north": {"uv": [7.75, 0, 9, 1.25], "texture": "#2"},
				"east": {"uv": [5.75, 2.5, 9, 3.75], "texture": "#2"},
				"south": {"uv": [7.75, 1.25, 9, 2.5], "texture": "#2"},
				"west": {"uv": [6.25, 5, 9.5, 6.25], "texture": "#2"},
				"up": {"uv": [2.5, 9, 1.25, 5.75], "texture": "#2"},
				"down": {"uv": [7.5, 6.25, 6.25, 9.5], "texture": "#2"}
			}
		}
	],
	"display": {
		"thirdperson_righthand": {
			"rotation": [55, 0, 0],
			"translation": [-5.75, 1.25, 5.5],
			"scale": [0.7, 0.7, 0.7]
		},
		"firstperson_righthand": {
			"rotation": [-9, 0, 0],
			"translation": [-9, 5.75, 5],
			"scale": [0.5, 0.5, 0.5]
		},
		"gui": {
			"rotation": [74.66, 7.92, -26.73],
			"translation": [1.25, 0.5, 0],
			"scale": [0.5, 0.5, 0.5]
		},
		"head": {
			"translation": [1, -2.75, 6.25],
			"scale": [0, 0, 0]
		}
	},
	"groups": [
		{
			"name": "base",
			"origin": [8, 8, 8],
			"color": 0,
			"children": [
				{
					"name": "handle",
					"origin": [20.31283, -6.63659, -8.18198],
					"color": 0,
					"children": [0, 1, 2, 3]
				}
			]
		}
	]
}