{
	"credit": "Made with Blockbench",
	"texture_size": [32, 32],
	"textures": {
		"0": "firegame:item/hoses/default/backpack",
		"1": "firegame:item/hoses/default/outline",
		"particle": "firegame:item/hoses/default/backpack"
	},
	"elements": [
		{
			"from": [0, 0, 11.625],
			"to": [16, 22, 20.625],
			"rotation": {"angle": 0, "axis": "z", "origin": [14.25, 16.25, 0.625]},
			"faces": {
				"north": {"uv": [0, 0, 1, 1.375], "texture": "#0"},
				"east": {"uv": [0, 1.375, 0.5625, 2.75], "texture": "#0"},
				"south": {"uv": [1, 0, 2, 1.375], "texture": "#0"},
				"west": {"uv": [0.5625, 1.375, 1.125, 2.75], "texture": "#0"},
				"up": {"uv": [2.125, 1.9375, 1.125, 1.375], "texture": "#0"},
				"down": {"uv": [2.125, 1.9375, 1.125, 2.5], "texture": "#0"}
			}
		},
		{
			"from": [1, 25, 3.125],
			"to": [4, 26, 9.125],
			"rotation": {"angle": 22.5, "axis": "x", "origin": [4.25, 16.25, 1.625]},
			"faces": {
				"north": {"uv": [2.3125, 1.5, 2.5, 1.5625], "texture": "#0"},
				"east": {"uv": [2.1875, 1.0625, 2.5625, 1.125], "texture": "#0"},
				"south": {"uv": [2.3125, 1.4375, 2.5, 1.5], "texture": "#0"},
				"west": {"uv": [2.1875, 1, 2.5625, 1.0625], "texture": "#0"},
				"up": {"uv": [2.3125, 1.875, 2.125, 1.5], "rotation": 180, "texture": "#0"},
				"down": {"uv": [2.3125, 1.875, 2.125, 2.25], "rotation": 180, "texture": "#0"}
			}
		},
		{
			"from": [13, 25, 3.125],
			"to": [16, 26, 9.125],
			"rotation": {"angle": 22.5, "axis": "x", "origin": [16.25, 16.25, 1.625]},
			"faces": {
				"north": {"uv": [2.3125, 1.5, 2.5, 1.5625], "texture": "#0"},
				"east": {"uv": [2.1875, 1.0625, 2.5625, 1.125], "texture": "#0"},
				"south": {"uv": [2.3125, 1.4375, 2.5, 1.5], "texture": "#0"},
				"west": {"uv": [2.1875, 1, 2.5625, 1.0625], "texture": "#0"},
				"up": {"uv": [2.3125, 1.875, 2.125, 1.5], "rotation": 180, "texture": "#0"},
				"down": {"uv": [2.3125, 1.875, 2.125, 2.25], "rotation": 180, "texture": "#0"}
			}
		},
		{
			"from": [15.75, 17, 16.375],
			"to": [24.75, 19, 18.375],
			"rotation": {"angle": 0, "axis": "y", "origin": [14.25, 16.25, 0.625]},
			"faces": {
				"north": {"uv": [4, 1.0625, 4.4375, 1.1875], "texture": "#0"},
				"east": {"uv": [5.0625, 0.4375, 5.1875, 0.5625], "texture": "#0"},
				"south": {"uv": [4.75, 1, 5.1875, 1.125], "texture": "#0"},
				"west": {"uv": [5.0625, 0.5625, 5.1875, 0.6875], "texture": "#0"},
				"up": {"uv": [5.1875, 0.4375, 5.0625, 0], "rotation": 90, "texture": "#0"},
				"down": {"uv": [4.875, 1, 4.75, 1.375], "rotation": 270, "texture": "#0"}
			}
		},
		{
			"from": [15.75, 4, -0.625],
			"to": [17.75, 6, 7.375],
			"rotation": {"angle": 0, "axis": "y", "origin": [14.25, 14.25, 0.625]},
			"faces": {
				"north": {"uv": [5, 1.125, 5.125, 1.25], "texture": "#0"},
				"east": {"uv": [4.75, 0.75, 5.25, 0.875], "texture": "#0"},
				"south": {"uv": [4.875, 1.125, 5, 1.25], "texture": "#0"},
				"west": {"uv": [4, 0.8125, 4.5, 0.9375], "texture": "#0"},
				"up": {"uv": [5.25, 1, 4.75, 0.875], "rotation": 90, "texture": "#0"},
				"down": {"uv": [4.5, 0.9375, 4, 1.0625], "rotation": 270, "texture": "#0"}
			}
		},
		{
			"from": [24.75, 4, 16.375],
			"to": [26.75, 19, 18.375],
			"rotation": {"angle": 0, "axis": "y", "origin": [14.25, 16.25, 0.625]},
			"faces": {
				"north": {"uv": [4.375, 0, 4.5, 0.9375], "texture": "#0"},
				"east": {"uv": [4, 0, 4.125, 0.9375], "texture": "#0"},
				"south": {"uv": [4.125, 0, 4.25, 0.9375], "texture": "#0"},
				"west": {"uv": [4.25, 0, 4.375, 0.9375], "texture": "#0"},
				"up": {"uv": [5.25, 0.125, 5.125, 0], "rotation": 90, "texture": "#0"},
				"down": {"uv": [4.25, 1.1875, 4.125, 1.3125], "rotation": 270, "texture": "#0"}
			}
		},
		{
			"from": [15.75, 4, 7.375],
			"to": [24.75, 6, 9.375],
			"rotation": {"angle": 0, "axis": "y", "origin": [14.25, 14.25, 0.625]},
			"faces": {
				"north": {"uv": [4.5, 0.625, 5.0625, 0.75], "texture": "#0"},
				"east": {"uv": [5.1875, 0.125, 5.3125, 0.25], "texture": "#0"},
				"south": {"uv": [4.5, 0.5, 5.0625, 0.625], "texture": "#0"},
				"west": {"uv": [4.25, 1.1875, 4.375, 1.3125], "texture": "#0"},
				"up": {"uv": [4.625, 1.3125, 4.5, 0.75], "rotation": 90, "texture": "#0"},
				"down": {"uv": [4.75, 0.75, 4.625, 1.3125], "rotation": 270, "texture": "#0"}
			}
		},
		{
			"from": [24.75, 4, 7.375],
			"to": [26.75, 6, 16.375],
			"rotation": {"angle": 0, "axis": "y", "origin": [14.25, 14.25, 0.625]},
			"faces": {
				"north": {"uv": [4, 1.1875, 4.125, 1.3125], "texture": "#0"},
				"east": {"uv": [4.5, 0, 5.0625, 0.125], "texture": "#0"},
				"south": {"uv": [5.125, 1.125, 5.25, 1.25], "texture": "#0"},
				"west": {"uv": [4.5, 0.125, 5.0625, 0.25], "texture": "#0"},
				"up": {"uv": [5.0625, 0.375, 4.5, 0.25], "rotation": 90, "texture": "#0"},
				"down": {"uv": [5.0625, 0.375, 4.5, 0.5], "rotation": 270, "texture": "#0"}
			}
		},
		{
			"name": "cube_outline",
			"from": [16.375, 22.5, 21.25],
			"to": [-0.625, -0.5, 11.25],
			"rotation": {"angle": 0, "axis": "y", "origin": [11.625, 16.25, 0.125]},
			"faces": {
				"north": {"uv": [10.5, 14.5, 16, 16], "texture": "#1"},
				"east": {"uv": [14.5, 14.5, 16, 16], "texture": "#1"},
				"south": {"uv": [4, 14.5, 9.5, 16], "texture": "#1"},
				"west": {"uv": [14.5, 14.5, 16, 16], "texture": "#1"},
				"up": {"uv": [14.5, 5.5, 16, 11], "rotation": 90, "texture": "#1"},
				"down": {"uv": [11, 10.5, 12.5, 16], "rotation": 270, "texture": "#1"}
			}
		},
		{
			"name": "cube_outline",
			"from": [16.375, 26.5, 9.75],
			"to": [12.375, 24.5, 2.75],
			"rotation": {"angle": 22.5, "axis": "x", "origin": [13.625, 16.25, 1.125]},
			"faces": {
				"north": {"uv": [10.5, 14.5, 16, 16], "texture": "#1"},
				"east": {"uv": [14.5, 14.5, 16, 16], "texture": "#1"},
				"south": {"uv": [4, 14.5, 9.5, 16], "texture": "#1"},
				"west": {"uv": [14.5, 14.5, 16, 16], "texture": "#1"},
				"up": {"uv": [14.5, 5.5, 16, 11], "rotation": 90, "texture": "#1"},
				"down": {"uv": [11, 10.5, 12.5, 16], "rotation": 270, "texture": "#1"}
			}
		},
		{
			"name": "cube_outline",
			"from": [4.375, 26.5, 9.75],
			"to": [0.375, 24.5, 2.75],
			"rotation": {"angle": 22.5, "axis": "x", "origin": [1.625, 16.25, 1.125]},
			"faces": {
				"north": {"uv": [10.5, 14.5, 16, 16], "texture": "#1"},
				"east": {"uv": [14.5, 14.5, 16, 16], "texture": "#1"},
				"south": {"uv": [4, 14.5, 9.5, 16], "texture": "#1"},
				"west": {"uv": [14.5, 14.5, 16, 16], "texture": "#1"},
				"up": {"uv": [14.5, 5.5, 16, 11], "rotation": 90, "texture": "#1"},
				"down": {"uv": [11, 10.5, 12.5, 16], "rotation": 270, "texture": "#1"}
			}
		}
	],
	"display": {
		"thirdperson_lefthand": {
			"rotation": [90, 90, 0],
			"translation": [-5.75, -1.5, 13.25],
			"scale": [0, 0, 0]
		},
		"firstperson_righthand": {
			"rotation": [5, -87, 1],
			"translation": [0, -2, 4],
			"scale": [0.8, 0.8, 0.8]
		},
		"firstperson_lefthand": {
			"rotation": [5, 87, 1],
			"translation": [-17, -2, 4],
			"scale": [0.8, 0.8, 0.8]
		},
		"head": {
			"rotation": [0, -90, 4],
			"translation": [7, -28.5, -8.75]
		}
	},
	"groups": [
		{
			"name": "backpack",
			"origin": [0, 30, 3],
			"color": 0,
			"children": [
				0,
				{
					"name": "belt",
					"origin": [1, 30, 3],
					"color": 0,
					"children": [1, 2]
				}
			]
		},
		{
			"name": "group",
			"origin": [8, 14, 10],
			"color": 0,
			"children": []
		},
		{
			"name": "rope and water",
			"origin": [-9, 11, 2],
			"color": 0,
			"children": [3, 4, 5, 6, 7]
		},
		{
			"name": "outline",
			"origin": [-1, 11, 5],
			"color": 0,
			"children": [8, 9, 10]
		}
	]
}