{
	"credit": "Made with Blockbench",
	"texture_size": [32, 32],
	"textures": {
		"3": "firegame:item/hoses/default/backpack",
		"4": "firegame:item/hoses/default/outline"
	},
	"elements": [
		{
			"from": [-7, 8, 2],
			"to": [-4, 16, 10],
			"rotation": {"angle": 0, "axis": "y", "origin": [-7, 11, 5]},
			"faces": {
				"north": {"uv": [13.0625, 4.75, 13.25, 5.25], "texture": "#3"},
				"east": {"uv": [12, 4, 12.5, 4.5], "texture": "#3"},
				"south": {"uv": [12.375, 5.125, 12.5625, 5.625], "texture": "#3"},
				"west": {"uv": [12, 4.5, 12.5, 5], "texture": "#3"},
				"up": {"uv": [12.75, 5.625, 12.5625, 5.125], "texture": "#3"},
				"down": {"uv": [12.9375, 5.125, 12.75, 5.625], "texture": "#3"}
			}
		},
		{
			"from": [-4, 10, 4],
			"to": [-1, 14, 8],
			"rotation": {"angle": 0, "axis": "y", "origin": [-4, 11, 5]},
			"faces": {
				"north": {"uv": [13.625, 4, 13.8125, 4.25], "texture": "#3"},
				"south": {"uv": [12.625, 5.625, 12.8125, 5.875], "texture": "#3"},
				"up": {"uv": [12.625, 5.625, 12.8125, 5.875], "texture": "#3"},
				"down": {"uv": [13.375, 5.625, 13.1875, 5.875], "texture": "#3"}
			}
		},
		{
			"from": [-1, 9, 3],
			"to": [8, 15, 9],
			"rotation": {"angle": 0, "axis": "y", "origin": [-1, 11, 5]},
			"faces": {
				"north": {"uv": [12.5, 4, 13.0625, 4.375], "texture": "#3"},
				"east": {"uv": [12, 5, 12.375, 5.375], "texture": "#3"},
				"south": {"uv": [12.5, 4.375, 13.0625, 4.75], "texture": "#3"},
				"west": {"uv": [13.0625, 4.375, 13.4375, 4.75], "texture": "#3"},
				"up": {"uv": [13.0625, 5.125, 12.5, 4.75], "texture": "#3"},
				"down": {"uv": [13.625, 4, 13.0625, 4.375], "texture": "#3"}
			}
		},
		{
			"from": [8, 10, 4],
			"to": [10, 14, 8],
			"rotation": {"angle": 0, "axis": "y", "origin": [8, 11, 5]},
			"faces": {
				"north": {"uv": [12.8125, 5.625, 12.9375, 5.875], "texture": "#3"},
				"east": {"uv": [13.375, 5.25, 13.625, 5.5], "texture": "#3"},
				"south": {"uv": [13.625, 5.25, 13.75, 5.5], "texture": "#3"},
				"up": {"uv": [13.75, 5.75, 13.625, 5.5], "texture": "#3"},
				"down": {"uv": [13.8125, 4.25, 13.6875, 4.5], "texture": "#3"}
			}
		},
		{
			"from": [3, 12, 1],
			"to": [5, 18, 3],
			"rotation": {"angle": -22.5, "axis": "z", "origin": [3, 13, 0]},
			"faces": {
				"north": {"uv": [13.0625, 5.25, 13.1875, 5.6875], "texture": "#3"},
				"east": {"uv": [12.25, 5.375, 12.375, 5.8125], "texture": "#3"},
				"south": {"uv": [13.375, 5.5, 13.5, 5.9375], "texture": "#3"},
				"west": {"uv": [13.5, 5.5, 13.625, 5.9375], "texture": "#3"},
				"up": {"uv": [12.5, 5.125, 12.375, 5], "texture": "#3"},
				"down": {"uv": [13.5625, 4.625, 13.4375, 4.75], "texture": "#3"}
			}
		},
		{
			"from": [3, 12, 9],
			"to": [5, 18, 11],
			"rotation": {"angle": -22.5, "axis": "z", "origin": [3, 13, 8]},
			"faces": {
				"north": {"uv": [12, 5.625, 12.125, 6.0625], "texture": "#3"},
				"east": {"uv": [12.125, 5.625, 12.25, 6.0625], "texture": "#3"},
				"south": {"uv": [12.375, 5.625, 12.5, 6.0625], "texture": "#3"},
				"west": {"uv": [12.5, 5.625, 12.625, 6.0625], "texture": "#3"},
				"up": {"uv": [13.6875, 4.75, 13.5625, 4.625], "texture": "#3"},
				"down": {"uv": [13.8125, 4.5, 13.6875, 4.625], "texture": "#3"}
			}
		},
		{
			"from": [6, 18, 1],
			"to": [8, 20, 11],
			"rotation": {"angle": 22.5, "axis": "z", "origin": [7, 19, 6]},
			"faces": {
				"north": {"uv": [13.6875, 4.625, 13.8125, 4.75], "texture": "#3"},
				"east": {"uv": [13.25, 4.75, 13.875, 4.875], "texture": "#3"},
				"south": {"uv": [13.0625, 5.6875, 13.1875, 5.8125], "texture": "#3"},
				"west": {"uv": [13.25, 4.875, 13.875, 5], "texture": "#3"},
				"up": {"uv": [13.0625, 5.75, 12.9375, 5.125], "texture": "#3"},
				"down": {"uv": [13.375, 5, 13.25, 5.625], "texture": "#3"}
			}
		},
		{
			"from": [-7, 8, 2],
			"to": [-4, 16, 10],
			"rotation": {"angle": 0, "axis": "y", "origin": [-7, 11, 5]},
			"faces": {
				"north": {"uv": [5.0625, 12.75, 5.25, 13.25], "texture": "#3"},
				"east": {"uv": [4, 12, 4.5, 12.5], "texture": "#3"},
				"south": {"uv": [4.375, 13.125, 4.5625, 13.625], "texture": "#3"},
				"west": {"uv": [4, 12.5, 4.5, 13], "texture": "#3"},
				"up": {"uv": [4.75, 13.625, 4.5625, 13.125], "texture": "#3"},
				"down": {"uv": [4.9375, 13.125, 4.75, 13.625], "texture": "#3"}
			}
		},
		{
			"from": [-4, 10, 4],
			"to": [-1, 14, 8],
			"rotation": {"angle": 0, "axis": "y", "origin": [-4, 11, 5]},
			"faces": {
				"north": {"uv": [5.625, 12, 5.8125, 12.25], "texture": "#3"},
				"south": {"uv": [4.625, 13.625, 4.8125, 13.875], "texture": "#3"},
				"up": {"uv": [4.625, 13.625, 4.8125, 13.875], "texture": "#3"},
				"down": {"uv": [5.375, 13.625, 5.1875, 13.875], "texture": "#3"}
			}
		},
		{
			"from": [-1, 9, 3],
			"to": [8, 15, 9],
			"rotation": {"angle": 0, "axis": "y", "origin": [-1, 11, 5]},
			"faces": {
				"north": {"uv": [4.5, 12, 5.0625, 12.375], "texture": "#3"},
				"east": {"uv": [4, 13, 4.375, 13.375], "texture": "#3"},
				"south": {"uv": [4.5, 12.375, 5.0625, 12.75], "texture": "#3"},
				"west": {"uv": [5.0625, 12.375, 5.4375, 12.75], "texture": "#3"},
				"up": {"uv": [5.0625, 13.125, 4.5, 12.75], "texture": "#3"},
				"down": {"uv": [5.625, 12, 5.0625, 12.375], "texture": "#3"}
			}
		},
		{
			"from": [8, 10, 4],
			"to": [10, 14, 8],
			"rotation": {"angle": 0, "axis": "y", "origin": [8, 11, 5]},
			"faces": {
				"north": {"uv": [4.8125, 13.625, 4.9375, 13.875], "texture": "#3"},
				"east": {"uv": [5.375, 13.25, 5.625, 13.5], "texture": "#3"},
				"south": {"uv": [5.625, 13.25, 5.75, 13.5], "texture": "#3"},
				"up": {"uv": [5.75, 13.75, 5.625, 13.5], "texture": "#3"},
				"down": {"uv": [5.8125, 12.25, 5.6875, 12.5], "texture": "#3"}
			}
		},
		{
			"from": [3, 12, 1],
			"to": [5, 18, 3],
			"rotation": {"angle": -22.5, "axis": "z", "origin": [3, 13, 0]},
			"faces": {
				"north": {"uv": [5.0625, 13.25, 5.1875, 13.6875], "texture": "#3"},
				"east": {"uv": [4.25, 13.375, 4.375, 13.8125], "texture": "#3"},
				"south": {"uv": [5.375, 13.5, 5.5, 13.9375], "texture": "#3"},
				"west": {"uv": [5.5, 13.5, 5.625, 13.9375], "texture": "#3"},
				"up": {"uv": [4.5, 13.125, 4.375, 13], "texture": "#3"},
				"down": {"uv": [5.5625, 12.625, 5.4375, 12.75], "texture": "#3"}
			}
		},
		{
			"from": [3, 12, 9],
			"to": [5, 18, 11],
			"rotation": {"angle": -22.5, "axis": "z", "origin": [3, 13, 8]},
			"faces": {
				"north": {"uv": [4, 13.625, 4.125, 14.0625], "texture": "#3"},
				"east": {"uv": [4.125, 13.625, 4.25, 14.0625], "texture": "#3"},
				"south": {"uv": [4.375, 13.625, 4.5, 14.0625], "texture": "#3"},
				"west": {"uv": [4.5, 13.625, 4.625, 14.0625], "texture": "#3"},
				"up": {"uv": [5.6875, 12.75, 5.5625, 12.625], "texture": "#3"},
				"down": {"uv": [5.8125, 12.5, 5.6875, 12.625], "texture": "#3"}
			}
		},
		{
			"from": [6, 18, 1],
			"to": [8, 20, 11],
			"rotation": {"angle": 22.5, "axis": "z", "origin": [7, 19, 6]},
			"faces": {
				"north": {"uv": [5.6875, 12.625, 5.8125, 12.75], "texture": "#3"},
				"east": {"uv": [5.25, 12.75, 5.875, 12.875], "texture": "#3"},
				"south": {"uv": [5.0625, 13.6875, 5.1875, 13.8125], "texture": "#3"},
				"west": {"uv": [5.25, 12.875, 5.875, 13], "texture": "#3"},
				"up": {"uv": [5.0625, 13.75, 4.9375, 13.125], "texture": "#3"},
				"down": {"uv": [5.375, 13, 5.25, 13.625], "texture": "#3"}
			}
		},
		{
			"from": [-7, 8, 2],
			"to": [-4, 16, 10],
			"rotation": {"angle": 0, "axis": "y", "origin": [-7, 11, 5]},
			"faces": {
				"north": {"uv": [13.0625, 12.75, 13.25, 13.25], "texture": "#3"},
				"east": {"uv": [12, 12, 12.5, 12.5], "texture": "#3"},
				"south": {"uv": [12.375, 13.125, 12.5625, 13.625], "texture": "#3"},
				"west": {"uv": [12, 12.5, 12.5, 13], "texture": "#3"},
				"up": {"uv": [12.75, 13.625, 12.5625, 13.125], "texture": "#3"},
				"down": {"uv": [12.9375, 13.125, 12.75, 13.625], "texture": "#3"}
			}
		},
		{
			"from": [-4, 10, 4],
			"to": [-1, 14, 8],
			"rotation": {"angle": 0, "axis": "y", "origin": [-4, 11, 5]},
			"faces": {
				"north": {"uv": [13.625, 12, 13.8125, 12.25], "texture": "#3"},
				"south": {"uv": [12.625, 13.625, 12.8125, 13.875], "texture": "#3"},
				"up": {"uv": [12.625, 13.625, 12.8125, 13.875], "texture": "#3"},
				"down": {"uv": [13.375, 13.625, 13.1875, 13.875], "texture": "#3"}
			}
		},
		{
			"from": [-1, 9, 3],
			"to": [8, 15, 9],
			"rotation": {"angle": 0, "axis": "y", "origin": [-1, 11, 5]},
			"faces": {
				"north": {"uv": [12.5, 12, 13.0625, 12.375], "texture": "#3"},
				"east": {"uv": [12, 13, 12.375, 13.375], "texture": "#3"},
				"south": {"uv": [12.5, 12.375, 13.0625, 12.75], "texture": "#3"},
				"west": {"uv": [13.0625, 12.375, 13.4375, 12.75], "texture": "#3"},
				"up": {"uv": [13.0625, 13.125, 12.5, 12.75], "texture": "#3"},
				"down": {"uv": [13.625, 12, 13.0625, 12.375], "texture": "#3"}
			}
		},
		{
			"from": [8, 10, 4],
			"to": [10, 14, 8],
			"rotation": {"angle": 0, "axis": "y", "origin": [8, 11, 5]},
			"faces": {
				"north": {"uv": [12.8125, 13.625, 12.9375, 13.875], "texture": "#3"},
				"east": {"uv": [13.375, 13.25, 13.625, 13.5], "texture": "#3"},
				"south": {"uv": [13.625, 13.25, 13.75, 13.5], "texture": "#3"},
				"up": {"uv": [13.75, 13.75, 13.625, 13.5], "texture": "#3"},
				"down": {"uv": [13.8125, 12.25, 13.6875, 12.5], "texture": "#3"}
			}
		},
		{
			"from": [3, 12, 1],
			"to": [5, 18, 3],
			"rotation": {"angle": -22.5, "axis": "z", "origin": [3, 13, 0]},
			"faces": {
				"north": {"uv": [13.0625, 13.25, 13.1875, 13.6875], "texture": "#3"},
				"east": {"uv": [12.25, 13.375, 12.375, 13.8125], "texture": "#3"},
				"south": {"uv": [13.375, 13.5, 13.5, 13.9375], "texture": "#3"},
				"west": {"uv": [13.5, 13.5, 13.625, 13.9375], "texture": "#3"},
				"up": {"uv": [12.5, 13.125, 12.375, 13], "texture": "#3"},
				"down": {"uv": [13.5625, 12.625, 13.4375, 12.75], "texture": "#3"}
			}
		},
		{
			"from": [3, 12, 9],
			"to": [5, 18, 11],
			"rotation": {"angle": -22.5, "axis": "z", "origin": [3, 13, 8]},
			"faces": {
				"north": {"uv": [12, 13.625, 12.125, 14.0625], "texture": "#3"},
				"east": {"uv": [12.125, 13.625, 12.25, 14.0625], "texture": "#3"},
				"south": {"uv": [12.375, 13.625, 12.5, 14.0625], "texture": "#3"},
				"west": {"uv": [12.5, 13.625, 12.625, 14.0625], "texture": "#3"},
				"up": {"uv": [13.6875, 12.75, 13.5625, 12.625], "texture": "#3"},
				"down": {"uv": [13.8125, 12.5, 13.6875, 12.625], "texture": "#3"}
			}
		},
		{
			"from": [6, 18, 1],
			"to": [8, 20, 11],
			"rotation": {"angle": 22.5, "axis": "z", "origin": [7, 19, 6]},
			"faces": {
				"north": {"uv": [13.6875, 12.625, 13.8125, 12.75], "texture": "#3"},
				"east": {"uv": [13.25, 12.75, 13.875, 12.875], "texture": "#3"},
				"south": {"uv": [13.0625, 13.6875, 13.1875, 13.8125], "texture": "#3"},
				"west": {"uv": [13.25, 12.875, 13.875, 13], "texture": "#3"},
				"up": {"uv": [13.0625, 13.75, 12.9375, 13.125], "texture": "#3"},
				"down": {"uv": [13.375, 13, 13.25, 13.625], "texture": "#3"}
			}
		},
		{
			"from": [-7, 8, 2],
			"to": [-4, 16, 10],
			"rotation": {"angle": 0, "axis": "y", "origin": [-7, 11, 5]},
			"faces": {
				"north": {"uv": [5.0625, 4.75, 5.25, 5.25], "texture": "#3"},
				"east": {"uv": [4, 4, 4.5, 4.5], "texture": "#3"},
				"south": {"uv": [4.375, 5.125, 4.5625, 5.625], "texture": "#3"},
				"west": {"uv": [4, 4.5, 4.5, 5], "texture": "#3"},
				"up": {"uv": [4.75, 5.625, 4.5625, 5.125], "texture": "#3"},
				"down": {"uv": [4.9375, 5.125, 4.75, 5.625], "texture": "#3"}
			}
		},
		{
			"from": [-4, 10, 4],
			"to": [-1, 14, 8],
			"rotation": {"angle": 0, "axis": "y", "origin": [-4, 11, 5]},
			"faces": {
				"north": {"uv": [5.625, 4, 5.8125, 4.25], "texture": "#3"},
				"south": {"uv": [4.625, 5.625, 4.8125, 5.875], "texture": "#3"},
				"up": {"uv": [4.625, 5.625, 4.8125, 5.875], "texture": "#3"},
				"down": {"uv": [5.375, 5.625, 5.1875, 5.875], "texture": "#3"}
			}
		},
		{
			"from": [-1, 9, 3],
			"to": [8, 15, 9],
			"rotation": {"angle": 0, "axis": "y", "origin": [-1, 11, 5]},
			"faces": {
				"north": {"uv": [4.5, 4, 5.0625, 4.375], "texture": "#3"},
				"east": {"uv": [4, 5, 4.375, 5.375], "texture": "#3"},
				"south": {"uv": [4.5, 4.375, 5.0625, 4.75], "texture": "#3"},
				"west": {"uv": [5.0625, 4.375, 5.4375, 4.75], "texture": "#3"},
				"up": {"uv": [5.0625, 5.125, 4.5, 4.75], "texture": "#3"},
				"down": {"uv": [5.625, 4, 5.0625, 4.375], "texture": "#3"}
			}
		},
		{
			"from": [8, 10, 4],
			"to": [10, 14, 8],
			"rotation": {"angle": 0, "axis": "y", "origin": [8, 11, 5]},
			"faces": {
				"north": {"uv": [4.8125, 5.625, 4.9375, 5.875], "texture": "#3"},
				"east": {"uv": [5.375, 5.25, 5.625, 5.5], "texture": "#3"},
				"south": {"uv": [5.625, 5.25, 5.75, 5.5], "texture": "#3"},
				"up": {"uv": [5.75, 5.75, 5.625, 5.5], "texture": "#3"},
				"down": {"uv": [5.8125, 4.25, 5.6875, 4.5], "texture": "#3"}
			}
		},
		{
			"from": [3, 12, 1],
			"to": [5, 18, 3],
			"rotation": {"angle": -22.5, "axis": "z", "origin": [3, 13, 0]},
			"faces": {
				"north": {"uv": [5.0625, 5.25, 5.1875, 5.6875], "texture": "#3"},
				"east": {"uv": [4.25, 5.375, 4.375, 5.8125], "texture": "#3"},
				"south": {"uv": [5.375, 5.5, 5.5, 5.9375], "texture": "#3"},
				"west": {"uv": [5.5, 5.5, 5.625, 5.9375], "texture": "#3"},
				"up": {"uv": [4.5, 5.125, 4.375, 5], "texture": "#3"},
				"down": {"uv": [5.5625, 4.625, 5.4375, 4.75], "texture": "#3"}
			}
		},
		{
			"from": [3, 12, 9],
			"to": [5, 18, 11],
			"rotation": {"angle": -22.5, "axis": "z", "origin": [3, 13, 8]},
			"faces": {
				"north": {"uv": [4, 5.625, 4.125, 6.0625], "texture": "#3"},
				"east": {"uv": [4.125, 5.625, 4.25, 6.0625], "texture": "#3"},
				"south": {"uv": [4.375, 5.625, 4.5, 6.0625], "texture": "#3"},
				"west": {"uv": [4.5, 5.625, 4.625, 6.0625], "texture": "#3"},
				"up": {"uv": [5.6875, 4.75, 5.5625, 4.625], "texture": "#3"},
				"down": {"uv": [5.8125, 4.5, 5.6875, 4.625], "texture": "#3"}
			}
		},
		{
			"from": [6, 18, 1],
			"to": [8, 20, 11],
			"rotation": {"angle": 22.5, "axis": "z", "origin": [7, 19, 6]},
			"faces": {
				"north": {"uv": [5.6875, 4.625, 5.8125, 4.75], "texture": "#3"},
				"east": {"uv": [5.25, 4.75, 5.875, 4.875], "texture": "#3"},
				"south": {"uv": [5.0625, 5.6875, 5.1875, 5.8125], "texture": "#3"},
				"west": {"uv": [5.25, 4.875, 5.875, 5], "texture": "#3"},
				"up": {"uv": [5.0625, 5.75, 4.9375, 5.125], "texture": "#3"},
				"down": {"uv": [5.375, 5, 5.25, 5.625], "texture": "#3"}
			}
		},
		{
			"name": "cube_outline",
			"from": [-3.5, 16.5, 10.5],
			"to": [-7.5, 7.5, 1.5],
			"rotation": {"angle": 0, "axis": "y", "origin": [-7, 11, 5]},
			"faces": {
				"north": {"uv": [14.5, 14.5, 16, 16], "texture": "#4"},
				"east": {"uv": [4, 14.5, 9.5, 16], "texture": "#4"},
				"south": {"uv": [14.5, 14.5, 16, 16], "texture": "#4"},
				"west": {"uv": [10.5, 14.5, 16, 16], "texture": "#4"},
				"up": {"uv": [14.5, 5.5, 16, 11], "texture": "#4"},
				"down": {"uv": [11, 10.5, 12.5, 16], "texture": "#4"}
			}
		},
		{
			"name": "cube_outline",
			"from": [-0.5, 14.5, 8.5],
			"to": [-4.5, 9.5, 3.5],
			"rotation": {"angle": 0, "axis": "y", "origin": [-4, 11, 5]},
			"faces": {
				"north": {"uv": [14.5, 14.5, 16, 16], "texture": "#4"},
				"east": {"uv": [4, 14.5, 9.5, 16], "texture": "#4"},
				"south": {"uv": [14.5, 14.5, 16, 16], "texture": "#4"},
				"west": {"uv": [10.5, 14.5, 16, 16], "texture": "#4"},
				"up": {"uv": [14.5, 5.5, 16, 11], "texture": "#4"},
				"down": {"uv": [11, 10.5, 12.5, 16], "texture": "#4"}
			}
		},
		{
			"name": "cube_outline",
			"from": [8.5, 15.5, 9.5],
			"to": [-1.5, 8.5, 2.5],
			"rotation": {"angle": 0, "axis": "y", "origin": [-1, 11, 5]},
			"faces": {
				"north": {"uv": [14.5, 14.5, 16, 16], "texture": "#4"},
				"east": {"uv": [4, 14.5, 9.5, 16], "texture": "#4"},
				"south": {"uv": [14.5, 14.5, 16, 16], "texture": "#4"},
				"west": {"uv": [10.5, 14.5, 16, 16], "texture": "#4"},
				"up": {"uv": [14.5, 5.5, 16, 11], "texture": "#4"},
				"down": {"uv": [11, 10.5, 12.5, 16], "texture": "#4"}
			}
		},
		{
			"name": "cube_outline",
			"from": [10.5, 14.5, 8.5],
			"to": [7.5, 9.5, 3.5],
			"rotation": {"angle": 0, "axis": "y", "origin": [8, 11, 5]},
			"faces": {
				"north": {"uv": [14.5, 14.5, 16, 16], "texture": "#4"},
				"east": {"uv": [4, 14.5, 9.5, 16], "texture": "#4"},
				"south": {"uv": [14.5, 14.5, 16, 16], "texture": "#4"},
				"west": {"uv": [10.5, 14.5, 16, 16], "texture": "#4"},
				"up": {"uv": [14.5, 5.5, 16, 11], "texture": "#4"},
				"down": {"uv": [11, 10.5, 12.5, 16], "texture": "#4"}
			}
		},
		{
			"name": "cube_outline",
			"from": [5.5, 18.5, 3.5],
			"to": [2.5, 11.5, 0.5],
			"rotation": {"angle": -22.5, "axis": "z", "origin": [3, 13, 0]},
			"faces": {
				"north": {"uv": [14.5, 14.5, 16, 16], "texture": "#4"},
				"east": {"uv": [4, 14.5, 9.5, 16], "texture": "#4"},
				"south": {"uv": [14.5, 14.5, 16, 16], "texture": "#4"},
				"west": {"uv": [10.5, 14.5, 16, 16], "texture": "#4"},
				"up": {"uv": [14.5, 5.5, 16, 11], "texture": "#4"},
				"down": {"uv": [11, 10.5, 12.5, 16], "texture": "#4"}
			}
		},
		{
			"name": "cube_outline",
			"from": [5.5, 18.5, 11.5],
			"to": [2.5, 11.5, 8.5],
			"rotation": {"angle": -22.5, "axis": "z", "origin": [3, 13, 8]},
			"faces": {
				"north": {"uv": [14.5, 14.5, 16, 16], "texture": "#4"},
				"east": {"uv": [4, 14.5, 9.5, 16], "texture": "#4"},
				"south": {"uv": [14.5, 14.5, 16, 16], "texture": "#4"},
				"west": {"uv": [10.5, 14.5, 16, 16], "texture": "#4"},
				"up": {"uv": [14.5, 5.5, 16, 11], "texture": "#4"},
				"down": {"uv": [11, 10.5, 12.5, 16], "texture": "#4"}
			}
		},
		{
			"name": "cube_outline",
			"from": [8.5, 20.5, 11.5],
			"to": [5.5, 17.5, 0.5],
			"rotation": {"angle": 22.5, "axis": "z", "origin": [7, 19, 6]},
			"faces": {
				"north": {"uv": [14.5, 14.5, 16, 16], "texture": "#4"},
				"east": {"uv": [4, 14.5, 9.5, 16], "texture": "#4"},
				"south": {"uv": [14.5, 14.5, 16, 16], "texture": "#4"},
				"west": {"uv": [10.5, 14.5, 16, 16], "texture": "#4"},
				"up": {"uv": [14.5, 5.5, 16, 11], "texture": "#4"},
				"down": {"uv": [11, 10.5, 12.5, 16], "texture": "#4"}
			}
		}
	],
	"gui_light": "front",
	"display": {
		"thirdperson_righthand": {
			"rotation": [75, -90, 0],
			"translation": [-1.5, -2.5, -3.75],
			"scale": [0.75, 0.75, 0.75]
		},
		"thirdperson_lefthand": {
			"rotation": [90, 90, 0],
			"translation": [-5.75, -1.5, 13.25],
			"scale": [0, 0, 0]
		},
		"firstperson_righthand": {
			"rotation": [5, -87, 1],
			"translation": [0, -2, 4],
			"scale": [0.8, 0.8, 0.8]
		},
		"firstperson_lefthand": {
			"rotation": [5, 87, 1],
			"translation": [1.5, -2, 4],
			"scale": [0.8, 0.8, 0.8]
		},
		"gui": {
			"rotation": [20.29, 35.57, -20.1],
			"translation": [3.75, -4.75, 0],
			"scale": [0.73, 0.73, 0.73]
		},
		"head": {
			"rotation": [0, -90, 4],
			"translation": [7, -28.5, -8.75]
		},
		"fixed": {
			"rotation": [0, -35, 0],
			"translation": [2.5, -4.25, 2],
			"scale": [1, 1, 1.07]
		}
	},
	"groups": [
		0,
		1,
		2,
		3,
		4,
		5,
		6,
		7,
		8,
		9,
		10,
		11,
		12,
		13,
		14,
		15,
		16,
		17,
		18,
		19,
		20,
		{
			"name": "backpack",
			"origin": [0, 30, 3],
			"color": 0,
			"children": [
				{
					"name": "belt",
					"origin": [1, 30, 3],
					"color": 0,
					"children": []
				}
			]
		},
		{
			"name": "group",
			"origin": [8, 14, 10],
			"color": 0,
			"children": [21, 22, 23, 24, 25, 26, 27]
		},
		{
			"name": "rope and water",
			"origin": [-9, 11, 2],
			"color": 0,
			"children": []
		},
		{
			"name": "outline",
			"origin": [-1, 11, 5],
			"color": 0,
			"children": [28, 29, 30, 31, 32, 33, 34]
		}
	]
}