{
    "providers": [
        {
            "type": "space",
            "advances": {
                " ": 4,
                "\u0000": 0,
                "\u0001": 1,
                "\u0002": 2,
                "\u0003": 4,
                "\u0004": 8,
                "\u0005": 16,
                "\u0006": 32,
                "\u0007": 64,
                "\u0008": 128,
                "\u0009": 256,
                "\u000A": 512,
                "\u000B": 1024,
                "\u000C": 2048,
                "\u000D": 4096,
                "\u000E": 8192,
                "\u000F": 16384,
                "\u0010": 32768,
                "\u0011": 65536,
                "\u0012": 131072,
                "\u0013": 262144,
                "\u0014": 524288,
                "\u0015": 1048576,
                "\u0016": 2097152,
                "\u0017": 4194304,
                "\u0018": 8388608,
                "\u0019": 16777216,
                "\u001a": 33554432,
                "\u1001": -1,
                "\u1002": -2,
                "\u1003": -4,
                "\u1004": -8,
                "\u1005": -16,
                "\u1006": -32,
                "\u1007": -64,
                "\u1008": -128,
                "\u1009": -256,
                "\u100A": -512,
                "\u100B": -1024,
                "\u100C": -2048,
                "\u100D": -4096,
                "\u100E": -8192,
                "\u100F": -16384,
                "\u1010": -32768,
                "\u1011": -65536,
                "\u1012": -131072,
                "\u1013": -262144,
                "\u1014": -524288,
                "\u1015": -1048576,
                "\u1016": -2097152,
                "\u1017": -4194304,
                "\u1018": -8388608,
                "\u1019": -16777216,
                "\u101a": -33554432,
                "\uE000": 6,
                "\uE001": 10,
                "\uE002": 12,
                "\uE003": 14,
                "\uE004": 18,
                "\uE005": 20,
                "\uE006": 22,
                "\uE007": 24,
                "\uE008": 26,
                "\uE009": 28,
                "\uE00A": 30,
                "\uF000": -6,
                "\uF001": -10,
                "\uF002": -12,
                "\uF003": -14,
                "\uF004": -18,
                "\uF005": -20,
                "\uF006": -22,
                "\uF007": -24,
                "\uF008": -26,
                "\uF009": -28,
                "\uF00A": -30
            }
        }
    ]
}