{
	"credit": "Made with Blockbench",
	"textures": {
		"0": "firegame:item/hoses/jetpack/backpack",
		"1": "firegame:item/hoses/jetpack/outline",
		"2": "firegame:item/hoses/jetpack/jetpack",
		"particle": "firegame:item/hoses/jetpack/backpack"
	},
	"elements": [
		{
			"name": "cube_outline",
			"from": [16.375, 22.5, 21.25],
			"to": [-0.625, -0.5, 11.25],
			"rotation": {"angle": 0, "axis": "y", "origin": [11.625, 16.25, 0.125]},
			"faces": {
				"north": {"uv": [0, 0, 16, 16], "texture": "#1"},
				"east": {"uv": [6, 0, 16, 16], "texture": "#1"},
				"south": {"uv": [0, 0, 16, 16], "texture": "#1"},
				"west": {"uv": [6, 0, 16, 16], "texture": "#1"},
				"up": {"uv": [6, 0, 16, 16], "rotation": 90, "texture": "#1"},
				"down": {"uv": [6, 0, 16, 16], "rotation": 270, "texture": "#1"}
			}
		},
		{
			"name": "cube_outline",
			"from": [16.375, 26.5, 9.75],
			"to": [12.375, 24.5, 2.75],
			"rotation": {"angle": 22.5, "axis": "x", "origin": [13.625, 16.25, 1.125]},
			"faces": {
				"north": {"uv": [10.5, 14, 14.5, 16], "texture": "#1"},
				"east": {"uv": [9, 14, 16, 16], "texture": "#1"},
				"south": {"uv": [4, 14, 8, 16], "texture": "#1"},
				"west": {"uv": [9, 14, 16, 16], "texture": "#1"},
				"up": {"uv": [9, 5.5, 16, 9.5], "rotation": 90, "texture": "#1"},
				"down": {"uv": [9, 10.5, 16, 14.5], "rotation": 270, "texture": "#1"}
			}
		},
		{
			"name": "cube_outline",
			"from": [4.375, 26.5, 9.75],
			"to": [0.375, 24.5, 2.75],
			"rotation": {"angle": 22.5, "axis": "x", "origin": [1.625, 16.25, 1.125]},
			"faces": {
				"north": {"uv": [10.5, 14, 14.5, 16], "texture": "#1"},
				"east": {"uv": [9, 14, 16, 16], "texture": "#1"},
				"south": {"uv": [4, 14, 8, 16], "texture": "#1"},
				"west": {"uv": [9, 14, 16, 16], "texture": "#1"},
				"up": {"uv": [9, 5.5, 16, 9.5], "rotation": 90, "texture": "#1"},
				"down": {"uv": [9, 10.5, 16, 14.5], "rotation": 270, "texture": "#1"}
			}
		},
		{
			"from": [15.75, 17, 16.375],
			"to": [24.75, 19, 18.375],
			"rotation": {"angle": 0, "axis": "y", "origin": [14.25, 16.25, 0.625]},
			"faces": {
				"north": {"uv": [4, 1.0625, 4.4375, 1.1875], "texture": "#0"},
				"east": {"uv": [5.0625, 0.4375, 5.1875, 0.5625], "texture": "#0"},
				"south": {"uv": [4.75, 1, 5.1875, 1.125], "texture": "#0"},
				"west": {"uv": [5.0625, 0.5625, 5.1875, 0.6875], "texture": "#0"},
				"up": {"uv": [5.1875, 0.4375, 5.0625, 0], "rotation": 90, "texture": "#0"},
				"down": {"uv": [4.875, 1, 4.75, 1.375], "rotation": 270, "texture": "#0"}
			}
		},
		{
			"from": [15.75, 4, -0.625],
			"to": [17.75, 6, 7.375],
			"rotation": {"angle": 0, "axis": "y", "origin": [14.25, 14.25, 0.625]},
			"faces": {
				"north": {"uv": [5, 1.125, 5.125, 1.25], "texture": "#0"},
				"east": {"uv": [4.75, 0.75, 5.25, 0.875], "texture": "#0"},
				"south": {"uv": [4.875, 1.125, 5, 1.25], "texture": "#0"},
				"west": {"uv": [4, 0.8125, 4.5, 0.9375], "texture": "#0"},
				"up": {"uv": [5.25, 1, 4.75, 0.875], "rotation": 90, "texture": "#0"},
				"down": {"uv": [4.5, 0.9375, 4, 1.0625], "rotation": 270, "texture": "#0"}
			}
		},
		{
			"from": [24.75, 4, 16.375],
			"to": [26.75, 19, 18.375],
			"rotation": {"angle": 0, "axis": "y", "origin": [14.25, 16.25, 0.625]},
			"faces": {
				"north": {"uv": [4.375, 0, 4.5, 0.9375], "texture": "#0"},
				"east": {"uv": [4, 0, 4.125, 0.9375], "texture": "#0"},
				"south": {"uv": [4.125, 0, 4.25, 0.9375], "texture": "#0"},
				"west": {"uv": [4.25, 0, 4.375, 0.9375], "texture": "#0"},
				"up": {"uv": [5.25, 0.125, 5.125, 0], "rotation": 90, "texture": "#0"},
				"down": {"uv": [4.25, 1.1875, 4.125, 1.3125], "rotation": 270, "texture": "#0"}
			}
		},
		{
			"from": [15.75, 4, 7.375],
			"to": [24.75, 6, 9.375],
			"rotation": {"angle": 0, "axis": "y", "origin": [14.25, 14.25, 0.625]},
			"faces": {
				"north": {"uv": [4.5, 0.625, 5.0625, 0.75], "texture": "#0"},
				"east": {"uv": [5.1875, 0.125, 5.3125, 0.25], "texture": "#0"},
				"south": {"uv": [4.5, 0.5, 5.0625, 0.625], "texture": "#0"},
				"west": {"uv": [4.25, 1.1875, 4.375, 1.3125], "texture": "#0"},
				"up": {"uv": [4.625, 1.3125, 4.5, 0.75], "rotation": 90, "texture": "#0"},
				"down": {"uv": [4.75, 0.75, 4.625, 1.3125], "rotation": 270, "texture": "#0"}
			}
		},
		{
			"from": [24.75, 4, 7.375],
			"to": [26.75, 6, 16.375],
			"rotation": {"angle": 0, "axis": "y", "origin": [14.25, 14.25, 0.625]},
			"faces": {
				"north": {"uv": [4, 1.1875, 4.125, 1.3125], "texture": "#0"},
				"east": {"uv": [4.5, 0, 5.0625, 0.125], "texture": "#0"},
				"south": {"uv": [5.125, 1.125, 5.25, 1.25], "texture": "#0"},
				"west": {"uv": [4.5, 0.125, 5.0625, 0.25], "texture": "#0"},
				"up": {"uv": [5.0625, 0.375, 4.5, 0.25], "rotation": 90, "texture": "#0"},
				"down": {"uv": [5.0625, 0.375, 4.5, 0.5], "rotation": 270, "texture": "#0"}
			}
		},
		{
			"from": [0, 0, 11.625],
			"to": [16, 22, 20.625],
			"rotation": {"angle": 0, "axis": "y", "origin": [14.25, 16.25, 0.625]},
			"faces": {
				"north": {"uv": [0, 0, 1, 1.375], "texture": "#0"},
				"east": {"uv": [0, 1.375, 0.5625, 2.75], "texture": "#0"},
				"south": {"uv": [1, 0, 2, 1.375], "texture": "#0"},
				"west": {"uv": [0.5625, 1.375, 1.125, 2.75], "texture": "#0"},
				"up": {"uv": [2.125, 1.9375, 1.125, 1.375], "texture": "#0"},
				"down": {"uv": [2.125, 1.9375, 1.125, 2.5], "texture": "#0"}
			}
		},
		{
			"from": [1, 25, 3.125],
			"to": [4, 26, 9.125],
			"rotation": {"angle": 22.5, "axis": "x", "origin": [4.25, 16.25, 1.625]},
			"faces": {
				"north": {"uv": [2.3125, 1.5, 2.5, 1.5625], "texture": "#0"},
				"east": {"uv": [2.1875, 1.0625, 2.5625, 1.125], "texture": "#0"},
				"south": {"uv": [2.3125, 1.4375, 2.5, 1.5], "texture": "#0"},
				"west": {"uv": [2.1875, 1, 2.5625, 1.0625], "texture": "#0"},
				"up": {"uv": [2.3125, 1.875, 2.125, 1.5], "rotation": 180, "texture": "#0"},
				"down": {"uv": [2.3125, 1.875, 2.125, 2.25], "rotation": 180, "texture": "#0"}
			}
		},
		{
			"from": [13, 25, 3.125],
			"to": [16, 26, 9.125],
			"rotation": {"angle": 22.5, "axis": "x", "origin": [16.25, 16.25, 1.625]},
			"faces": {
				"north": {"uv": [2.3125, 1.5, 2.5, 1.5625], "texture": "#0"},
				"east": {"uv": [2.1875, 1.0625, 2.5625, 1.125], "texture": "#0"},
				"south": {"uv": [2.3125, 1.4375, 2.5, 1.5], "texture": "#0"},
				"west": {"uv": [2.1875, 1, 2.5625, 1.0625], "texture": "#0"},
				"up": {"uv": [2.3125, 1.875, 2.125, 1.5], "rotation": 180, "texture": "#0"},
				"down": {"uv": [2.3125, 1.875, 2.125, 2.25], "rotation": 180, "texture": "#0"}
			}
		},
		{
			"from": [-6.5, 6.5, 15],
			"to": [-0.5, 15.5, 21],
			"shade": false,
			"rotation": {"angle": -22.5, "axis": "x", "origin": [9, 5.75, 18]},
			"faces": {
				"north": {"uv": [12, 0, 13.5, 2.25], "texture": "#2"},
				"east": {"uv": [12, 2.25, 13.5, 4.5], "texture": "#2"},
				"south": {"uv": [12, 4.5, 13.5, 6.75], "texture": "#2"},
				"west": {"uv": [11, 12, 12.5, 14.25], "texture": "#2"},
				"up": {"uv": [15, 6.25, 13.5, 4.75], "texture": "#2"},
				"down": {"uv": [1.5, 13.75, 0, 15.25], "texture": "#2"}
			}
		},
		{
			"from": [-5.5, 1.5, 16],
			"to": [-1.5, 6.5, 20],
			"shade": false,
			"rotation": {"angle": -22.5, "axis": "x", "origin": [9, 5.75, 18]},
			"faces": {
				"north": {"uv": [14.25, 11.5, 15.25, 12.75], "texture": "#2"},
				"east": {"uv": [14.5, 9.75, 15.5, 11], "texture": "#2"},
				"south": {"uv": [14.75, 6.25, 15.75, 7.5], "texture": "#2"},
				"west": {"uv": [15, 1.75, 16, 3], "texture": "#2"},
				"up": {"uv": [15.75, 8.5, 14.75, 7.5], "texture": "#2"},
				"down": {"uv": [16, 3, 15, 4], "texture": "#2"}
			}
		},
		{
			"from": [16.5, 6.5, 15],
			"to": [22.5, 15.5, 21],
			"shade": false,
			"rotation": {"angle": -22.5, "axis": "x", "origin": [32, 5.75, 18]},
			"faces": {
				"north": {"uv": [12, 0, 13.5, 2.25], "texture": "#2"},
				"east": {"uv": [12, 2.25, 13.5, 4.5], "texture": "#2"},
				"south": {"uv": [12, 4.5, 13.5, 6.75], "texture": "#2"},
				"west": {"uv": [11, 12, 12.5, 14.25], "texture": "#2"},
				"up": {"uv": [15, 6.25, 13.5, 4.75], "texture": "#2"},
				"down": {"uv": [1.5, 13.75, 0, 15.25], "texture": "#2"}
			}
		},
		{
			"from": [17.5, 1.5, 16],
			"to": [21.5, 6.5, 20],
			"shade": false,
			"rotation": {"angle": -22.5, "axis": "x", "origin": [32, 5.75, 18]},
			"faces": {
				"north": {"uv": [14.25, 11.5, 15.25, 12.75], "texture": "#2"},
				"east": {"uv": [14.5, 9.75, 15.5, 11], "texture": "#2"},
				"south": {"uv": [14.75, 6.25, 15.75, 7.5], "texture": "#2"},
				"west": {"uv": [15, 1.75, 16, 3], "texture": "#2"},
				"up": {"uv": [15.75, 8.5, 14.75, 7.5], "texture": "#2"},
				"down": {"uv": [16, 3, 15, 4], "texture": "#2"}
			}
		},
		{
			"name": "cube_outline",
			"from": [-0.3, 16, 21.5],
			"to": [-7.3, 6, 14.5],
			"rotation": {"angle": -22.5, "axis": "x", "origin": [9, 5.75, 18]},
			"faces": {
				"north": {"uv": [5.75, 11.25, 7.5, 13.75], "texture": "#2"},
				"east": {"uv": [11.25, 7.25, 13, 9.75], "texture": "#2"},
				"south": {"uv": [7.5, 11.25, 9.25, 13.75], "texture": "#2"},
				"west": {"uv": [9.25, 11.25, 11, 13.75], "texture": "#2"},
				"up": {"uv": [14.75, 8.5, 13, 6.75], "texture": "#2"},
				"down": {"uv": [15.25, 0, 13.5, 1.75], "texture": "#2"}
			}
		},
		{
			"name": "cube_outline",
			"from": [-1, 7, 20.5],
			"to": [-6, 1, 15.5],
			"rotation": {"angle": -22.5, "axis": "x", "origin": [9, 5.75, 18]},
			"faces": {
				"north": {"uv": [6.5, 13.75, 7.75, 15.25], "texture": "#2"},
				"east": {"uv": [7.75, 13.75, 9, 15.25], "texture": "#2"},
				"south": {"uv": [9, 13.75, 10.25, 15.25], "texture": "#2"},
				"west": {"uv": [12.5, 13.75, 13.75, 15.25], "texture": "#2"},
				"up": {"uv": [15.5, 9.75, 14.25, 8.5], "texture": "#2"},
				"down": {"uv": [11.5, 14.25, 10.25, 15.5], "texture": "#2"}
			}
		},
		{
			"name": "cube_outline",
			"from": [23.4, 16, 21.5],
			"to": [16.4, 6, 14.5],
			"rotation": {"angle": -22.5, "axis": "x", "origin": [32, 5.75, 18]},
			"faces": {
				"north": {"uv": [5.75, 11.25, 7.5, 13.75], "texture": "#2"},
				"east": {"uv": [11.25, 7.25, 13, 9.75], "texture": "#2"},
				"south": {"uv": [7.5, 11.25, 9.25, 13.75], "texture": "#2"},
				"west": {"uv": [9.25, 11.25, 11, 13.75], "texture": "#2"},
				"up": {"uv": [14.75, 8.5, 13, 6.75], "texture": "#2"},
				"down": {"uv": [15.25, 0, 13.5, 1.75], "texture": "#2"}
			}
		},
		{
			"name": "cube_outline",
			"from": [22, 7, 20.5],
			"to": [17, 1, 15.5],
			"rotation": {"angle": -22.5, "axis": "x", "origin": [32, 5.75, 18]},
			"faces": {
				"north": {"uv": [6.5, 13.75, 7.75, 15.25], "texture": "#2"},
				"east": {"uv": [7.75, 13.75, 9, 15.25], "texture": "#2"},
				"south": {"uv": [9, 13.75, 10.25, 15.25], "texture": "#2"},
				"west": {"uv": [12.5, 13.75, 13.75, 15.25], "texture": "#2"},
				"up": {"uv": [15.5, 9.75, 14.25, 8.5], "texture": "#2"},
				"down": {"uv": [11.5, 14.25, 10.25, 15.5], "texture": "#2"}
			}
		}
	],
	"gui_light": "front",
	"display": {
		"thirdperson_lefthand": {
			"rotation": [90, 90, 0],
			"translation": [-5.75, -1.5, 13.25],
			"scale": [0, 0, 0]
		},
		"firstperson_righthand": {
			"rotation": [5, -87, 1],
			"translation": [0, -2, 4],
			"scale": [0.8, 0.8, 0.8]
		},
		"firstperson_lefthand": {
			"rotation": [5, 87, 1],
			"translation": [-17, -2, 4],
			"scale": [0.8, 0.8, 0.8]
		},
		"gui": {
			"rotation": [-20.61, 21.96, 2.93],
			"translation": [-1.75, -2, 0],
			"scale": [0.4, 0.4, 0.4]
		},
		"head": {
			"translation": [0, -22.75, 8.25]
		}
	},
	"groups": [
		{
			"name": "group",
			"origin": [8, 8, 8],
			"color": 0,
			"children": [
				{
					"name": "outline",
					"origin": [-1, 11, 5],
					"color": 0,
					"children": [0, 1, 2]
				},
				{
					"name": "rope and water",
					"origin": [-9, 11, 2],
					"color": 0,
					"children": [3, 4, 5, 6, 7]
				},
				{
					"name": "backpack",
					"origin": [0, 30, 3],
					"color": 0,
					"children": [
						8,
						{
							"name": "belt",
							"origin": [1, 30, 3],
							"color": 0,
							"children": [9, 10]
						}
					]
				}
			]
		},
		{
			"name": "jetpack",
			"origin": [8, 8, 8],
			"color": 0,
			"children": [
				{
					"name": "base",
					"origin": [-4.5, 7, 7],
					"color": 0,
					"children": [11, 12, 13, 14]
				},
				{
					"name": "outline",
					"origin": [8, 8, 8],
					"color": 0,
					"children": [15, 16, 17, 18]
				}
			]
		}
	]
}