{
	"credit": "Made with Blockbench",
	"texture_size": [32, 32],
	"textures": {
		"3": "firegame:item/hoses/jetpack/button"
	},
	"elements": [
		{
			"from": [7, 8, 7],
			"to": [9, 10, 9],
			"rotation": {"angle": 0, "axis": "y", "origin": [8, 7, 8]},
			"faces": {
				"north": {"uv": [10, 8, 11, 9], "texture": "#3"},
				"east": {"uv": [10, 9, 11, 10], "texture": "#3"},
				"south": {"uv": [10, 10, 11, 11], "texture": "#3"},
				"west": {"uv": [2, 10.5, 3, 11.5], "texture": "#3"},
				"up": {"uv": [11.5, 3, 10.5, 2], "texture": "#3"},
				"down": {"uv": [4, 10.5, 3, 11.5], "texture": "#3"}
			}
		},
		{
			"from": [6, 1, 6],
			"to": [10, 9, 10],
			"rotation": {"angle": 0, "axis": "y", "origin": [8, 7, 8]},
			"faces": {
				"north": {"uv": [5, 0, 7, 4], "texture": "#3"},
				"east": {"uv": [5, 4, 7, 8], "texture": "#3"},
				"south": {"uv": [7, 0, 9, 4], "texture": "#3"},
				"west": {"uv": [7, 4, 9, 8], "texture": "#3"},
				"up": {"uv": [2, 11, 0, 9], "texture": "#3"},
				"down": {"uv": [11, 0, 9, 2], "texture": "#3"}
			}
		},
		{
			"name": "cube_outline",
			"from": [9.3, 10.3, 9.3],
			"to": [6.7, 7.7, 6.7],
			"rotation": {"angle": 0, "axis": "y", "origin": [8, 7, 8]},
			"faces": {
				"north": {"uv": [2, 9, 3.25, 10.25], "texture": "#3"},
				"east": {"uv": [9, 2, 10.25, 3.25], "texture": "#3"},
				"south": {"uv": [3.5, 9, 4.75, 10.25], "texture": "#3"},
				"west": {"uv": [9, 3.5, 10.25, 4.75], "texture": "#3"},
				"up": {"uv": [10.25, 6.25, 9, 5], "texture": "#3"},
				"down": {"uv": [10.25, 6.5, 9, 7.75], "texture": "#3"}
			}
		},
		{
			"name": "cube_outline",
			"from": [10.3, 9.3, 10.3],
			"to": [5.7, 0.7, 5.7],
			"rotation": {"angle": 0, "axis": "y", "origin": [8, 7, 8]},
			"faces": {
				"north": {"uv": [0, 0, 2.25, 4.25], "texture": "#3"},
				"east": {"uv": [2.5, 0, 4.75, 4.25], "texture": "#3"},
				"south": {"uv": [0, 4.5, 2.25, 8.75], "texture": "#3"},
				"west": {"uv": [2.5, 4.5, 4.75, 8.75], "texture": "#3"},
				"up": {"uv": [7.25, 10.25, 5, 8], "texture": "#3"},
				"down": {"uv": [9.75, 8, 7.5, 10.25], "texture": "#3"}
			}
		}
	],
	"gui_light": "front",
	"display": {
		"thirdperson_righthand": {
			"rotation": [0, 113, 0],
			"translation": [0, 4.25, 1.75],
			"scale": [0.6, 0.72, 0.6]
		},
		"thirdperson_lefthand": {
			"rotation": [0, 113, 0],
			"translation": [0, 4.25, 1.75],
			"scale": [0.6, 0.72, 0.6]
		},
		"firstperson_righthand": {
			"rotation": [1, -15, 16],
			"translation": [-1.75, 4.6, 3.55],
			"scale": [0.6, 0.6, 0.6]
		},
		"firstperson_lefthand": {
			"rotation": [1, -15, 16],
			"translation": [-1.75, 4.6, 3.55],
			"scale": [0.6, 0.6, 0.6]
		},
		"gui": {
			"rotation": [8, -53, -15],
			"translation": [0.25, 2, 0],
			"scale": [0.5, 1, 1]
		}
	},
	"groups": [
		{
			"name": "group",
			"origin": [8, 8, 8],
			"color": 0,
			"children": [0, 1]
		},
		2,
		3
	]
}